Workbook

Sheet Overview
B5: Overview | D5: Total Patients | E5: Diagnosis Positive | F5: Diagnosis Rate | G5: Avg BMI | H5: Avg Symptom Count | I5: Smoking Rate
B6: Dash 1
B7: Dash 2 | D7: =Calc!B2 -> 2392 | E7: =Calc!B3 -> 1171 | F7: =Calc!B4 -> 0.48954849 | G7: =Calc!B5 -> 26.131961 | H7: =Calc!B6 -> 2.3858696 | I7: =Calc!B7 -> 0.19983278
B9: Gender
B10: All
B11: Ethnicity
B12: All
B13: Smoking
B14: All
B15: Age Group
B16: All
B17: BMI Category
B18: All

Sheet Dash 1
D1: Patient Level Analysis
B5: Overview
B6: Dash 1
B7: Dash 2
B9: Gender
B10: All
B11: Ethnicity
B12: All
B13: Smoking
B14: All
B15: Age Group
B16: All
B17: BMI Category
B18: All

Sheet Dash 2
D1: Patient Level Analysis
B5: Overview
B6: Dash 1
B7: Dash 2
B9: Gender
B10: All
B11: Ethnicity
B12: All
B13: Smoking
B14: All
B15: Age Group
B16: All
B17: BMI Category
B18: All

Sheet Data
A1: PatientID | B1: Age | C1: Gender | D1: Ethnicity | E1: EducationLevel | F1: BMI | G1: Smoking | H1: PhysicalActivity | I1: DietQuality | J1: SleepQuality | K1: PollutionExposure | L1: PollenExposure | M1: DustExposure | N1: PetAllergy | O1: FamilyHistoryAsthma | P1: HistoryOfAllergies | Q1: Eczema | R1: HayFever | S1: GastroesophagealReflux | T1: LungFunctionFEV1 | U1: LungFunctionFVC | V1: Wheezing | W1: ShortnessOfBreath | X1: ChestTightness | Y1: Coughing | Z1: NighttimeSymptoms | AA1: ExerciseInduced | AB1: Diagnosis | AC1: Gender_Label | AD1: Ethnicity_Label | AE1: EducationLevel_Label | AF1: Smoking_Label | AG1: PetAllergy_Label | AH1: FamilyHistoryAsthma_Label | AI1: HistoryOfAllergies_Label | AJ1: Eczema_Label | AK1: HayFever_Label | AL1: GastroesophagealReflux_Label | AM1: Wheezing_Label | AN1: ShortnessOfBreath_Label | AO1: ChestTightness_Label | AP1: Coughing_Label | AQ1: NighttimeSymptoms_Label | AR1: ExerciseInduced_Label | AS1: Diagnosis_Label | AT1: AgeGroup | AU1: BMICategory | AV1: FEV1_FVC_Ratio | AW1: SymptomCount | AX1: RiskFactorCount | AY1: MatchFilter_Overview | AZ1: MatchFilter_Dash1 | BA1: MatchFilter_Dash2
A2: 5034 | B2: 11 | C2: 1 | D2: 0 | E2: 3 | F2: 24.09 | G2: 0 | H2: 0.99 | I2: 3.03 | J2: 4.35 | K2: 4.57 | L2: 6.85 | M2: 6.06 | N2: 1 | O2: 1 | P2: 0 | Q2: 0 | R2: 1 | S2: 0 | T2: 2.48 | U2: 3.3 | V2: 0 | W2: 1 | X2: 1 | Y2: 1 | Z2: 1 | AA2: 1 | AB2: 1 | AC2: Female | AD2: Caucasian | AE2: Higher | AF2: No | AG2: Yes | AH2: Yes | AI2: No | AJ2: No | AK2: Yes | AL2: No | AM2: No | AN2: Yes | AO2: Yes | AP2: Yes | AQ2: Yes | AR2: Yes | AS2: Positive | AT2: 0-17 (Child) | AU2: Normal | AV2: 0.75 | AW2: 5 | AX2: 2 | AY2: =IF(AND(OR(Overview!$B$10="All",AC2=Overview!$B$10),OR(Overview!$B$12="All",AD2=Overview!$B$12),OR(Overview!$B$14="All",AF2=Overview!$B$14),OR(Overview!$B$16="All",AT2=Overview!$B$16),OR(Overview!$B$18="All",AU2=Overview!$B$18)),1,0) -> 1 | AZ2: =IF(AND(OR('Dash 1'!$B$10="All",AC2='Dash 1'!$B$10),OR('Dash 1'!$B$12="All",AD2='Dash 1'!$B$12),OR('Dash 1'!$B$14="All",AF2='Dash 1'!$B$14),OR('Dash 1'!$B$16="All",AT2='Dash 1'!$B$16),OR('Dash 1'!$B$18="All",AU2='Dash 1'!$B$18)),1,0) -> 1 | BA2: =IF(AND(OR('Dash 2'!$B$10="All",AC2='Dash 2'!$B$10),OR('Dash 2'!$B$12="All",AD2='Dash 2'!$B$12),OR('Dash 2'!$B$14="All",AF2='Dash 2'!$B$14),OR('Dash 2'!$B$16="All",AT2='Dash 2'!$B$16),OR('Dash 2'!$B$18="All",AU2='Dash 2'!$B$18)),1,0) -> 1
A3: 5035 | B3: 63 | C3: 0 | D3: 0 | E3: 3 | F3: 27.73 | G3: 1 | H3: 4.44 | I3: 6.89 | J3: 6.22 | K3: 4.45 | L3: 3.96 | M3: 7.25 | N3: 0 | O3: 0 | P3: 1 | Q3: 0 | R3: 0 | S3: 0 | T3: 2.03 | U3: 2.62 | V3: 1 | W3: 1 | X3: 0 | Y3: 1 | Z3: 1 | AA3: 0 | AB3: 1 | AC3: Male | AD3: Caucasian | AE3: Higher | AF3: Yes | AG3: No | AH3: No | AI3: Yes | AJ3: No | AK3: No | AL3: No | AM3: Yes | AN3: Yes | AO3: No | AP3: Yes | AQ3: Yes | AR3: No | AS3: Positive | AT3: 60+ | AU3: Overweight | AV3: 0.78 | AW3: 4 | AX3: 1 | AY3: =IF(AND(OR(Overview!$B$10="All",AC3=Overview!$B$10),OR(Overview!$B$12="All",AD3=Overview!$B$12),OR(Overview!$B$14="All",AF3=Overview!$B$14),OR(Overview!$B$16="All",AT3=Overview!$B$16),OR(Overview!$B$18="All",AU3=Overview!$B$18)),1,0) -> 1 | AZ3: =IF(AND(OR('Dash 1'!$B$10="All",AC3='Dash 1'!$B$10),OR('Dash 1'!$B$12="All",AD3='Dash 1'!$B$12),OR('Dash 1'!$B$14="All",AF3='Dash 1'!$B$14),OR('Dash 1'!$B$16="All",AT3='Dash 1'!$B$16),OR('Dash 1'!$B$18="All",AU3='Dash 1'!$B$18)),1,0) -> 1 | BA3: =IF(AND(OR('Dash 2'!$B$10="All",AC3='Dash 2'!$B$10),OR('Dash 2'!$B$12="All",AD3='Dash 2'!$B$12),OR('Dash 2'!$B$14="All",AF3='Dash 2'!$B$14),OR('Dash 2'!$B$16="All",AT3='Dash 2'!$B$16),OR('Dash 2'!$B$18="All",AU3='Dash 2'!$B$18)),1,0) -> 1
A4: 5036 | B4: 54 | C4: 0 | D4: 1 | E4: 1 | F4: 21.87 | G4: 1 | H4: 0.4 | I4: 3.59 | J4: 7.64 | K4: 6.27 | L4: 4.07 | M4: 7.18 | N4: 0 | O4: 0 | P4: 1 | Q4: 0 | R4: 1 | S4: 1 | T4: 2.04 | U4: 2.9 | V4: 0 | W4: 1 | X4: 1 | Y4: 0 | Z4: 1 | AA4: 0 | AB4: 1 | AC4: Male | AD4: African American | AE4: High School | AF4: Yes | AG4: No | AH4: No | AI4: Yes | AJ4: No | AK4: Yes | AL4: Yes | AM4: No | AN4: Yes | AO4: Yes | AP4: No | AQ4: Yes | AR4: No | AS4: Positive | AT4: 45-59 | AU4: Normal | AV4: 0.7 | AW4: 3 | AX4: 3 | AY4: =IF(AND(OR(Overview!$B$10="All",AC4=Overview!$B$10),OR(Overview!$B$12="All",AD4=Overview!$B$12),OR(Overview!$B$14="All",AF4=Overview!$B$14),OR(Overview!$B$16="All",AT4=Overview!$B$16),OR(Overview!$B$18="All",AU4=Overview!$B$18)),1,0) -> 1 | AZ4: =IF(AND(OR('Dash 1'!$B$10="All",AC4='Dash 1'!$B$10),OR('Dash 1'!$B$12="All",AD4='Dash 1'!$B$12),OR('Dash 1'!$B$14="All",AF4='Dash 1'!$B$14),OR('Dash 1'!$B$16="All",AT4='Dash 1'!$B$16),OR('Dash 1'!$B$18="All",AU4='Dash 1'!$B$18)),1,0) -> 1 | BA4: =IF(AND(OR('Dash 2'!$B$10="All",AC4='Dash 2'!$B$10),OR('Dash 2'!$B$12="All",AD4='Dash 2'!$B$12),OR('Dash 2'!$B$14="All",AF4='Dash 2'!$B$14),OR('Dash 2'!$B$16="All",AT4='Dash 2'!$B$16),OR('Dash 2'!$B$18="All",AU4='Dash 2'!$B$18)),1,0) -> 1
A5: 5037 | B5: 38 | C5: 1 | D5: 3 | E5: 2 | F5: 23.82 | G5: 0 | H5: 1.42 | I5: 3.66 | J5: 5.9 | K5: 6.59 | L5: 6.97 | M5: 1.8 | N5: 0 | O5: 0 | P5: 1 | Q5: 0 | R5: 0 | S5: 1 | T5: 3.33 | U5: 3.7 | V5: 0 | W5: 0 | X5: 0 | Y5: 0 | Z5: 0 | AA5: 0 | AB5: 0 | AC5: Female | AD5: Other | AE5: Bachelor's | AF5: No | AG5: No | AH5: No | AI5: Yes | AJ5: No | AK5: No | AL5: Yes | AM5: No | AN5: No | AO5: No | AP5: No | AQ5: No | AR5: No | AS5: Negative | AT5: 30-44 | AU5: Normal | AV5: 0.9 | AW5: 0 | AX5: 2 | AY5: =IF(AND(OR(Overview!$B$10="All",AC5=Overview!$B$10),OR(Overview!$B$12="All",AD5=Overview!$B$12),OR(Overview!$B$14="All",AF5=Overview!$B$14),OR(Overview!$B$16="All",AT5=Overview!$B$16),OR(Overview!$B$18="All",AU5=Overview!$B$18)),1,0) -> 1 | AZ5: =IF(AND(OR('Dash 1'!$B$10="All",AC5='Dash 1'!$B$10),OR('Dash 1'!$B$12="All",AD5='Dash 1'!$B$12),OR('Dash 1'!$B$14="All",AF5='Dash 1'!$B$14),OR('Dash 1'!$B$16="All",AT5='Dash 1'!$B$16),OR('Dash 1'!$B$18="All",AU5='Dash 1'!$B$18)),1,0) -> 1 | BA5: =IF(AND(OR('Dash 2'!$B$10="All",AC5='Dash 2'!$B$10),OR('Dash 2'!$B$12="All",AD5='Dash 2'!$B$12),OR('Dash 2'!$B$14="All",AF5='Dash 2'!$B$14),OR('Dash 2'!$B$16="All",AT5='Dash 2'!$B$16),OR('Dash 2'!$B$18="All",AU5='Dash 2'!$B$18)),1,0) -> 1
A6: 5038 | B6: 37 | C6: 1 | D6: 0 | E6: 1 | F6: 24.4 | G6: 0 | H6: 5.42 | I6: 7.11 | J6: 6.69 | K6: 6.29 | L6: 5.51 | M6: 6.75 | N6: 0 | O6: 0 | P6: 0 | Q6: 0 | R6: 0 | S6: 0 | T6: 2.38 | U6: 2.95 | V6: 1 | W6: 1 | X6: 1 | Y6: 0 | Z6: 0 | AA6: 1 | AB6: 1 | AC6: Female | AD6: Caucasian | AE6: High School | AF6: No | AG6: No | AH6: No | AI6: No | AJ6: No | AK6: No | AL6: No | AM6: Yes | AN6: Yes | AO6: Yes | AP6: No | AQ6: No | AR6: Yes | AS6: Positive | AT6: 30-44 | AU6: Normal | AV6: 0.81 | AW6: 4 | AX6: 0 | AY6: =IF(AND(OR(Overview!$B$10="All",AC6=Overview!$B$10),OR(Overview!$B$12="All",AD6=Overview!$B$12),OR(Overview!$B$14="All",AF6=Overview!$B$14),OR(Overview!$B$16="All",AT6=Overview!$B$16),OR(Overview!$B$18="All",AU6=Overview!$B$18)),1,0) -> 1 | AZ6: =IF(AND(OR('Dash 1'!$B$10="All",AC6='Dash 1'!$B$10),OR('Dash 1'!$B$12="All",AD6='Dash 1'!$B$12),OR('Dash 1'!$B$14="All",AF6='Dash 1'!$B$14),OR('Dash 1'!$B$16="All",AT6='Dash 1'!$B$16),OR('Dash 1'!$B$18="All",AU6='Dash 1'!$B$18)),1,0) -> 1 | BA6: =IF(AND(OR('Dash 2'!$B$10="All",AC6='Dash 2'!$B$10),OR('Dash 2'!$B$12="All",AD6='Dash 2'!$B$12),OR('Dash 2'!$B$14="All",AF6='Dash 2'!$B$14),OR('Dash 2'!$B$16="All",AT6='Dash 2'!$B$16),OR('Dash 2'!$B$18="All",AU6='Dash 2'!$B$18)),1,0) -> 1
A7: 5039 | B7: 70 | C7: 0 | D7: 0 | E7: 2 | F7: 19.77 | G7: 0 | H7: 2.55 | I7: 5.91 | J7: 7.77 | K7: 5.85 | L7: 2.2 | M7: 2.45 | N7: 0 | O7: 0 | P7: 0 | Q7: 0 | R7: 0 | S7: 0 | T7: 2.77 | U7: 3.13 | V7: 0 | W7: 1 | X7: 1 | Y7: 0 | Z7: 1 | AA7: 1 | AB7: 1 | AC7: Male | AD7: Caucasian | AE7: Bachelor's | AF7: No | AG7: No | AH7: No | AI7: No | AJ7: No | AK7: No | AL7: No | AM7: No | AN7: Yes | AO7: Yes | AP7: No | AQ7: Yes | AR7: Yes | AS7: Positive | AT7: 60+ | AU7: Normal | AV7: 0.88 | AW7: 4 | AX7: 0 | AY7: =IF(AND(OR(Overview!$B$10="All",AC7=Overview!$B$10),OR(Overview!$B$12="All",AD7=Overview!$B$12),OR(Overview!$B$14="All",AF7=Overview!$B$14),OR(Overview!$B$16="All",AT7=Overview!$B$16),OR(Overview!$B$18="All",AU7=Overview!$B$18)),1,0) -> 1 | AZ7: =IF(AND(OR('Dash 1'!$B$10="All",AC7='Dash 1'!$B$10),OR('Dash 1'!$B$12="All",AD7='Dash 1'!$B$12),OR('Dash 1'!$B$14="All",AF7='Dash 1'!$B$14),OR('Dash 1'!$B$16="All",AT7='Dash 1'!$B$16),OR('Dash 1'!$B$18="All",AU7='Dash 1'!$B$18)),1,0) -> 1 | BA7: =IF(AND(OR('Dash 2'!$B$10="All",AC7='Dash 2'!$B$10),OR('Dash 2'!$B$12="All",AD7='Dash 2'!$B$12),OR('Dash 2'!$B$14="All",AF7='Dash 2'!$B$14),OR('Dash 2'!$B$16="All",AT7='Dash 2'!$B$16),OR('Dash 2'!$B$18="All",AU7='Dash 2'!$B$18)),1,0) -> 1
A8: 5040 | B8: 11 | C8: 0 | D8: 0 | E8: 2 | F8: 27.94 | G8: 0 | H8: 4.98 | I8: 0.49 | J8: 8.97 | K8: 5.21 | L8: 7.24 | M8: 4.57 | N8: 0 | O8: 0 | P8: 0 | Q8: 0 | R8: 0 | S8: 0 | T8: 3.01 | U8: 3.84 | V8: 0 | W8: 1 | X8: 0 | Y8: 0 | Z8: 0 | AA8: 0 | AB8: 1 | AC8: Male | AD8: Caucasian | AE8: Bachelor's | AF8: No | AG8: No | AH8: No | AI8: No | AJ8: No | AK8: No | AL8: No | AM8: No | AN8: Yes | AO8: No | AP8: No | AQ8: No | AR8: No | AS8: Positive | AT8: 0-17 (Child) | AU8: Overweight | AV8: 0.78 | AW8: 1 | AX8: 0 | AY8: =IF(AND(OR(Overview!$B$10="All",AC8=Overview!$B$10),OR(Overview!$B$12="All",AD8=Overview!$B$12),OR(Overview!$B$14="All",AF8=Overview!$B$14),OR(Overview!$B$16="All",AT8=Overview!$B$16),OR(Overview!$B$18="All",AU8=Overview!$B$18)),1,0) -> 1 | AZ8: =IF(AND(OR('Dash 1'!$B$10="All",AC8='Dash 1'!$B$10),OR('Dash 1'!$B$12="All",AD8='Dash 1'!$B$12),OR('Dash 1'!$B$14="All",AF8='Dash 1'!$B$14),OR('Dash 1'!$B$16="All",AT8='Dash 1'!$B$16),OR('Dash 1'!$B$18="All",AU8='Dash 1'!$B$18)),1,0) -> 1 | BA8: =IF(AND(OR('Dash 2'!$B$10="All",AC8='Dash 2'!$B$10),OR('Dash 2'!$B$12="All",AD8='Dash 2'!$B$12),OR('Dash 2'!$B$14="All",AF8='Dash 2'!$B$14),OR('Dash 2'!$B$16="All",AT8='Dash 2'!$B$16),OR('Dash 2'!$B$18="All",AU8='Dash 2'!$B$18)),1,0) -> 1
A9: 5041 | B9: 57 | C9: 1 | D9: 1 | E9: 0 | F9: 23.47 | G9: 0 | H9: 5.3 | I9: 5.23 | J9: 5.32 | K9: 0 | L9: 8.14 | M9: 7.85 | N9: 1 | O9: 0 | P9: 1 | Q9: 0 | R9: 1 | S9: 0 | T9: 2.16 | U9: 2.67 | V9: 0 | W9: 1 | X9: 0 | Y9: 1 | Z9: 0 | AA9: 0 | AB9: 0 | AC9: Female | AD9: African American | AF9: No | AG9: Yes | AH9: No | AI9: Yes | AJ9: No | AK9: Yes | AL9: No | AM9: No | AN9: Yes | AO9: No | AP9: Yes | AQ9: No | AR9: No | AS9: Negative | AT9: 45-59 | AU9: Normal | AV9: 0.81 | AW9: 2 | AX9: 2 | AY9: =IF(AND(OR(Overview!$B$10="All",AC9=Overview!$B$10),OR(Overview!$B$12="All",AD9=Overview!$B$12),OR(Overview!$B$14="All",AF9=Overview!$B$14),OR(Overview!$B$16="All",AT9=Overview!$B$16),OR(Overview!$B$18="All",AU9=Overview!$B$18)),1,0) -> 1 | AZ9: =IF(AND(OR('Dash 1'!$B$10="All",AC9='Dash 1'!$B$10),OR('Dash 1'!$B$12="All",AD9='Dash 1'!$B$12),OR('Dash 1'!$B$14="All",AF9='Dash 1'!$B$14),OR('Dash 1'!$B$16="All",AT9='Dash 1'!$B$16),OR('Dash 1'!$B$18="All",AU9='Dash 1'!$B$18)),1,0) -> 1 | BA9: =IF(AND(OR('Dash 2'!$B$10="All",AC9='Dash 2'!$B$10),OR('Dash 2'!$B$12="All",AD9='Dash 2'!$B$12),OR('Dash 2'!$B$14="All",AF9='Dash 2'!$B$14),OR('Dash 2'!$B$16="All",AT9='Dash 2'!$B$16),OR('Dash 2'!$B$18="All",AU9='Dash 2'!$B$18)),1,0) -> 1
A10: 5042 | B10: 20 | C10: 0 | D10: 1 | E10: 1 | F10: 24.22 | G10: 0 | H10: 5.4 | I10: 5.81 | J10: 5.22 | K10: 6.94 | L10: 7.95 | M10: 5.2 | N10: 1 | O10: 1 | P10: 0 | Q10: 0 | R10: 1 | S10: 0 | T10: 2.02 | U10: 2.67 | V10: 1 | W10: 1 | X10: 0 | Y10: 1 | Z10: 1 | AA10: 1 | AB10: 1 | AC10: Male | AD10: African American | AE10: High School | AF10: No | AG10: Yes | AH10: Yes | AI10: No | AJ10: No | AK10: Yes | AL10: No | AM10: Yes | AN10: Yes | AO10: No | AP10: Yes | AQ10: Yes | AR10: Yes | AS10: Positive | AT10: 18-29 | AU10: Normal | AV10: 0.76 | AW10: 5 | AX10: 2 | AY10: =IF(AND(OR(Overview!$B$10="All",AC10=Overview!$B$10),OR(Overview!$B$12="All",AD10=Overview!$B$12),OR(Overview!$B$14="All",AF10=Overview!$B$14),OR(Overview!$B$16="All",AT10=Overview!$B$16),OR(Overview!$B$18="All",AU10=Overview!$B$18)),1,0) -> 1 | AZ10: =IF(AND(OR('Dash 1'!$B$10="All",AC10='Dash 1'!$B$10),OR('Dash 1'!$B$12="All",AD10='Dash 1'!$B$12),OR('Dash 1'!$B$14="All",AF10='Dash 1'!$B$14),OR('Dash 1'!$B$16="All",AT10='Dash 1'!$B$16),OR('Dash 1'!$B$18="All",AU10='Dash 1'!$B$18)),1,0) -> 1 | BA10: =IF(AND(OR('Dash 2'!$B$10="All",AC10='Dash 2'!$B$10),OR('Dash 2'!$B$12="All",AD10='Dash 2'!$B$12),OR('Dash 2'!$B$14="All",AF10='Dash 2'!$B$14),OR('Dash 2'!$B$16="All",AT10='Dash 2'!$B$16),OR('Dash 2'!$B$18="All",AU10='Dash 2'!$B$18)),1,0) -> 1
A11: 5043 | B11: 12 | C11: 1 | D11: 2 | E11: 3 | F11: 23.16 | G11: 0 | H11: 3.01 | I11: 4.52 | J11: 5.77 | K11: 6.22 | L11: 8.86 | M11: 7.76 | N11: 0 | O11: 0 | P11: 0 | Q11: 0 | R11: 0 | S11: 0 | T11: 2.3 | U11: 2.61 | V11: 0 | W11: 0 | X11: 1 | Y11: 0 | Z11: 1 | AA11: 0 | AB11: 1 | AC11: Female | AD11: Asian | AE11: Higher | AF11: No | AG11: No | AH11: No | AI11: No | AJ11: No | AK11: No | AL11: No | AM11: No | AN11: No | AO11: Yes | AP11: No | AQ11: Yes | AR11: No | AS11: Positive | AT11: 0-17 (Child) | AU11: Normal | AV11: 0.88 | AW11: 2 | AX11: 0 | AY11: =IF(AND(OR(Overview!$B$10="All",AC11=Overview!$B$10),OR(Overview!$B$12="All",AD11=Overview!$B$12),OR(Overview!$B$14="All",AF11=Overview!$B$14),OR(Overview!$B$16="All",AT11=Overview!$B$16),OR(Overview!$B$18="All",AU11=Overview!$B$18)),1,0) -> 1 | AZ11: =IF(AND(OR('Dash 1'!$B$10="All",AC11='Dash 1'!$B$10),OR('Dash 1'!$B$12="All",AD11='Dash 1'!$B$12),OR('Dash 1'!$B$14="All",AF11='Dash 1'!$B$14),OR('Dash 1'!$B$16="All",AT11='Dash 1'!$B$16),OR('Dash 1'!$B$18="All",AU11='Dash 1'!$B$18)),1,0) -> 1 | BA11: =IF(AND(OR('Dash 2'!$B$10="All",AC11='Dash 2'!$B$10),OR('Dash 2'!$B$12="All",AD11='Dash 2'!$B$12),OR('Dash 2'!$B$14="All",AF11='Dash 2'!$B$14),OR('Dash 2'!$B$16="All",AT11='Dash 2'!$B$16),OR('Dash 2'!$B$18="All",AU11='Dash 2'!$B$18)),1,0) -> 1
A12: 5044 | B12: 45 | C12: 1 | D12: 2 | E12: 1 | F12: 40 | G12: 0 | H12: 6.98 | I12: 6.12 | J12: 5 | K12: 2.54 | L12: 10 | M12: 8.25 | N12: 0 | O12: 0 | P12: 1 | Q12: 0 | R12: 0 | S12: 0 | T12: 2.12 | U12: 2.47 | V12: 0 | W12: 0 | X12: 1 | Y12: 1 | Z12: 0 | AA12: 0 | AB12: 0 | AC12: Female | AD12: Asian | AE12: High School | AF12: No | AG12: No | AH12: No | AI12: Yes | AJ12: No | AK12: No | AL12: No | AM12: No | AN12: No | AO12: Yes | AP12: Yes | AQ12: No | AR12: No | AS12: Negative | AT12: 45-59 | AU12: Obese | AV12: 0.86 | AW12: 2 | AX12: 1 | AY12: =IF(AND(OR(Overview!$B$10="All",AC12=Overview!$B$10),OR(Overview!$B$12="All",AD12=Overview!$B$12),OR(Overview!$B$14="All",AF12=Overview!$B$14),OR(Overview!$B$16="All",AT12=Overview!$B$16),OR(Overview!$B$18="All",AU12=Overview!$B$18)),1,0) -> 1 | AZ12: =IF(AND(OR('Dash 1'!$B$10="All",AC12='Dash 1'!$B$10),OR('Dash 1'!$B$12="All",AD12='Dash 1'!$B$12),OR('Dash 1'!$B$14="All",AF12='Dash 1'!$B$14),OR('Dash 1'!$B$16="All",AT12='Dash 1'!$B$16),OR('Dash 1'!$B$18="All",AU12='Dash 1'!$B$18)),1,0) -> 1 | BA12: =IF(AND(OR('Dash 2'!$B$10="All",AC12='Dash 2'!$B$10),OR('Dash 2'!$B$12="All",AD12='Dash 2'!$B$12),OR('Dash 2'!$B$14="All",AF12='Dash 2'!$B$14),OR('Dash 2'!$B$16="All",AT12='Dash 2'!$B$16),OR('Dash 2'!$B$18="All",AU12='Dash 2'!$B$18)),1,0) -> 1
A13: 5045 | B13: 79 | C13: 1 | D13: 2 | E13: 1 | F13: 22.69 | G13: 0 | H13: 4.8 | I13: 1.85 | J13: 5.09 | K13: 5.7 | L13: 9.32 | M13: 0.61 | N13: 1 | O13: 0 | P13: 0 | Q13: 1 | R13: 1 | S13: 0 | T13: 2.81 | U13: 3.51 | V13: 0 | W13: 1 | X13: 1 | Y13: 1 | Z13: 1 | AA13: 1 | AB13: 1 | AC13: Female | AD13: Asian | AE13: High School | AF13: No | AG13: Yes | AH13: No | AI13: No | AJ13: Yes | AK13: Yes | AL13: No | AM13: No | AN13: Yes | AO13: Yes | AP13: Yes | AQ13: Yes | AR13: Yes | AS13: Positive | AT13: 60+ | AU13: Normal | AV13: 0.8 | AW13: 5 | AX13: 2 | AY13: =IF(AND(OR(Overview!$B$10="All",AC13=Overview!$B$10),OR(Overview!$B$12="All",AD13=Overview!$B$12),OR(Overview!$B$14="All",AF13=Overview!$B$14),OR(Overview!$B$16="All",AT13=Overview!$B$16),OR(Overview!$B$18="All",AU13=Overview!$B$18)),1,0) -> 1 | AZ13: =IF(AND(OR('Dash 1'!$B$10="All",AC13='Dash 1'!$B$10),OR('Dash 1'!$B$12="All",AD13='Dash 1'!$B$12),OR('Dash 1'!$B$14="All",AF13='Dash 1'!$B$14),OR('Dash 1'!$B$16="All",AT13='Dash 1'!$B$16),OR('Dash 1'!$B$18="All",AU13='Dash 1'!$B$18)),1,0) -> 1 | BA13: =IF(AND(OR('Dash 2'!$B$10="All",AC13='Dash 2'!$B$10),OR('Dash 2'!$B$12="All",AD13='Dash 2'!$B$12),OR('Dash 2'!$B$14="All",AF13='Dash 2'!$B$14),OR('Dash 2'!$B$16="All",AT13='Dash 2'!$B$16),OR('Dash 2'!$B$18="All",AU13='Dash 2'!$B$18)),1,0) -> 1
A14: 5046 | B14: 60 | C14: 0 | D14: 2 | E14: 1 | F14: 15.66 | G14: 0 | H14: 5.97 | I14: 0 | J14: 5.74 | K14: 6.62 | L14: 5.85 | M14: 0 | N14: 0 | O14: 0 | P14: 1 | Q14: 0 | R14: 1 | S14: 0 | T14: 2.96 | U14: 3.95 | V14: 0 | W14: 0 | X14: 1 | Y14: 1 | Z14: 0 | AA14: 1 | AB14: 1 | AC14: Male | AD14: Asian | AE14: High School | AF14: No | AG14: No | AH14: No | AI14: Yes | AJ14: No | AK14: Yes | AL14: No | AM14: No | AN14: No | AO14: Yes | AP14: Yes | AQ14: No | AR14: Yes | AS14: Positive | AT14: 60+ | AU14: Underweight | AV14: 0.75 | AW14: 3 | AX14: 2 | AY14: =IF(AND(OR(Overview!$B$10="All",AC14=Overview!$B$10),OR(Overview!$B$12="All",AD14=Overview!$B$12),OR(Overview!$B$14="All",AF14=Overview!$B$14),OR(Overview!$B$16="All",AT14=Overview!$B$16),OR(Overview!$B$18="All",AU14=Overview!$B$18)),1,0) -> 1 | AZ14: =IF(AND(OR('Dash 1'!$B$10="All",AC14='Dash 1'!$B$10),OR('Dash 1'!$B$12="All",AD14='Dash 1'!$B$12),OR('Dash 1'!$B$14="All",AF14='Dash 1'!$B$14),OR('Dash 1'!$B$16="All",AT14='Dash 1'!$B$16),OR('Dash 1'!$B$18="All",AU14='Dash 1'!$B$18)),1,0) -> 1 | BA14: =IF(AND(OR('Dash 2'!$B$10="All",AC14='Dash 2'!$B$10),OR('Dash 2'!$B$12="All",AD14='Dash 2'!$B$12),OR('Dash 2'!$B$14="All",AF14='Dash 2'!$B$14),OR('Dash 2'!$B$16="All",AT14='Dash 2'!$B$16),OR('Dash 2'!$B$18="All",AU14='Dash 2'!$B$18)),1,0) -> 1
A15: 5047 | B15: 62 | C15: 1 | D15: 0 | E15: 2 | F15: 18 | G15: 0 | H15: 2.37 | I15: 3.15 | J15: 8.6 | K15: 7.93 | L15: 4.48 | M15: 7.91 | N15: 0 | O15: 0 | P15: 0 | Q15: 0 | R15: 0 | S15: 1 | T15: 2.5 | U15: 2.82 | V15: 0 | W15: 0 | X15: 1 | Y15: 1 | Z15: 0 | AA15: 0 | AB15: 1 | AC15: Female | AD15: Caucasian | AE15: Bachelor's | AF15: No | AG15: No | AH15: No | AI15: No | AJ15: No | AK15: No | AL15: Yes | AM15: No | AN15: No | AO15: Yes | AP15: Yes | AQ15: No | AR15: No | AS15: Positive | AT15: 60+ | AU15: Underweight | AV15: 0.89 | AW15: 2 | AX15: 1 | AY15: =IF(AND(OR(Overview!$B$10="All",AC15=Overview!$B$10),OR(Overview!$B$12="All",AD15=Overview!$B$12),OR(Overview!$B$14="All",AF15=Overview!$B$14),OR(Overview!$B$16="All",AT15=Overview!$B$16),OR(Overview!$B$18="All",AU15=Overview!$B$18)),1,0) -> 1 | AZ15: =IF(AND(OR('Dash 1'!$B$10="All",AC15='Dash 1'!$B$10),OR('Dash 1'!$B$12="All",AD15='Dash 1'!$B$12),OR('Dash 1'!$B$14="All",AF15='Dash 1'!$B$14),OR('Dash 1'!$B$16="All",AT15='Dash 1'!$B$16),OR('Dash 1'!$B$18="All",AU15='Dash 1'!$B$18)),1,0) -> 1 | BA15: =IF(AND(OR('Dash 2'!$B$10="All",AC15='Dash 2'!$B$10),OR('Dash 2'!$B$12="All",AD15='Dash 2'!$B$12),OR('Dash 2'!$B$14="All",AF15='Dash 2'!$B$14),OR('Dash 2'!$B$16="All",AT15='Dash 2'!$B$16),OR('Dash 2'!$B$18="All",AU15='Dash 2'!$B$18)),1,0) -> 1
A16: 5048 | B16: 59 | C16: 0 | D16: 1 | E16: 3 | F16: 29.8 | G16: 0 | H16: 4.61 | I16: 6.01 | J16: 6.59 | K16: 6.28 | L16: 0.43 | M16: 8.01 | N16: 0 | O16: 0 | P16: 1 | Q16: 0 | R16: 1 | S16: 0 | T16: 2.28 | U16: 2.53 | V16: 0 | W16: 0 | X16: 1 | Y16: 1 | Z16: 0 | AA16: 0 | AB16: 1 | AC16: Male | AD16: African American | AE16: Higher | AF16: No | AG16: No | AH16: No | AI16: Yes | AJ16: No | AK16: Yes | AL16: No | AM16: No | AN16: No | AO16: Yes | AP16: Yes | AQ16: No | AR16: No | AS16: Positive | AT16: 45-59 | AU16: Overweight | AV16: 0.9 | AW16: 2 | AX16: 2 | AY16: =IF(AND(OR(Overview!$B$10="All",AC16=Overview!$B$10),OR(Overview!$B$12="All",AD16=Overview!$B$12),OR(Overview!$B$14="All",AF16=Overview!$B$14),OR(Overview!$B$16="All",AT16=Overview!$B$16),OR(Overview!$B$18="All",AU16=Overview!$B$18)),1,0) -> 1 | AZ16: =IF(AND(OR('Dash 1'!$B$10="All",AC16='Dash 1'!$B$10),OR('Dash 1'!$B$12="All",AD16='Dash 1'!$B$12),OR('Dash 1'!$B$14="All",AF16='Dash 1'!$B$14),OR('Dash 1'!$B$16="All",AT16='Dash 1'!$B$16),OR('Dash 1'!$B$18="All",AU16='Dash 1'!$B$18)),1,0) -> 1 | BA16: =IF(AND(OR('Dash 2'!$B$10="All",AC16='Dash 2'!$B$10),OR('Dash 2'!$B$12="All",AD16='Dash 2'!$B$12),OR('Dash 2'!$B$14="All",AF16='Dash 2'!$B$14),OR('Dash 2'!$B$16="All",AT16='Dash 2'!$B$16),OR('Dash 2'!$B$18="All",AU16='Dash 2'!$B$18)),1,0) -> 1
A17: 5049 | B17: 64 | C17: 1 | D17: 0 | E17: 2 | F17: 32.68 | G17: 0 | H17: 7.41 | I17: 0 | J17: 7.04 | K17: 5.8 | L17: 5.03 | M17: 5.64 | N17: 1 | O17: 0 | P17: 0 | Q17: 0 | R17: 1 | S17: 1 | T17: 3.52 | U17: 4.46 | V17: 0 | W17: 1 | X17: 0 | Y17: 1 | Z17: 1 | AA17: 0 | AB17: 1 | AC17: Female | AD17: Caucasian | AE17: Bachelor's | AF17: No | AG17: Yes | AH17: No | AI17: No | AJ17: No | AK17: Yes | AL17: Yes | AM17: No | AN17: Yes | AO17: No | AP17: Yes | AQ17: Yes | AR17: No | AS17: Positive | AT17: 60+ | AU17: Obese | AV17: 0.79 | AW17: 3 | AX17: 2 | AY17: =IF(AND(OR(Overview!$B$10="All",AC17=Overview!$B$10),OR(Overview!$B$12="All",AD17=Overview!$B$12),OR(Overview!$B$14="All",AF17=Overview!$B$14),OR(Overview!$B$16="All",AT17=Overview!$B$16),OR(Overview!$B$18="All",AU17=Overview!$B$18)),1,0) -> 1 | AZ17: =IF(AND(OR('Dash 1'!$B$10="All",AC17='Dash 1'!$B$10),OR('Dash 1'!$B$12="All",AD17='Dash 1'!$B$12),OR('Dash 1'!$B$14="All",AF17='Dash 1'!$B$14),OR('Dash 1'!$B$16="All",AT17='Dash 1'!$B$16),OR('Dash 1'!$B$18="All",AU17='Dash 1'!$B$18)),1,0) -> 1 | BA17: =IF(AND(OR('Dash 2'!$B$10="All",AC17='Dash 2'!$B$10),OR('Dash 2'!$B$12="All",AD17='Dash 2'!$B$12),OR('Dash 2'!$B$14="All",AF17='Dash 2'!$B$14),OR('Dash 2'!$B$16="All",AT17='Dash 2'!$B$16),OR('Dash 2'!$B$18="All",AU17='Dash 2'!$B$18)),1,0) -> 1
A18: 5050 | B18: 44 | C18: 0 | D18: 0 | E18: 1 | F18: 22.59 | G18: 0 | H18: 7.13 | I18: 4.13 | J18: 5.76 | K18: 7.37 | L18: 6.3 | M18: 5.98 | N18: 0 | O18: 0 | P18: 0 | Q18: 0 | R18: 0 | S18: 0 | T18: 3.61 | U18: 4.36 | V18: 0 | W18: 0 | X18: 0 | Y18: 0 | Z18: 0 | AA18: 0 | AB18: 0 | AC18: Male | AD18: Caucasian | AE18: High School | AF18: No | AG18: No | AH18: No | AI18: No | AJ18: No | AK18: No | AL18: No | AM18: No | AN18: No | AO18: No | AP18: No | AQ18: No | AR18: No | AS18: Negative | AT18: 30-44 | AU18: Normal | AV18: 0.83 | AW18: 0 | AX18: 0 | AY18: =IF(AND(OR(Overview!$B$10="All",AC18=Overview!$B$10),OR(Overview!$B$12="All",AD18=Overview!$B$12),OR(Overview!$B$14="All",AF18=Overview!$B$14),OR(Overview!$B$16="All",AT18=Overview!$B$16),OR(Overview!$B$18="All",AU18=Overview!$B$18)),1,0) -> 1 | AZ18: =IF(AND(OR('Dash 1'!$B$10="All",AC18='Dash 1'!$B$10),OR('Dash 1'!$B$12="All",AD18='Dash 1'!$B$12),OR('Dash 1'!$B$14="All",AF18='Dash 1'!$B$14),OR('Dash 1'!$B$16="All",AT18='Dash 1'!$B$16),OR('Dash 1'!$B$18="All",AU18='Dash 1'!$B$18)),1,0) -> 1 | BA18: =IF(AND(OR('Dash 2'!$B$10="All",AC18='Dash 2'!$B$10),OR('Dash 2'!$B$12="All",AD18='Dash 2'!$B$12),OR('Dash 2'!$B$14="All",AF18='Dash 2'!$B$14),OR('Dash 2'!$B$16="All",AT18='Dash 2'!$B$16),OR('Dash 2'!$B$18="All",AU18='Dash 2'!$B$18)),1,0) -> 1
A19: 5051 | B19: 14 | C19: 0 | D19: 3 | E19: 1 | F19: 32.39 | G19: 0 | H19: 3.25 | I19: 1.39 | J19: 7.82 | K19: 4.23 | L19: 5.11 | M19: 7.23 | N19: 0 | O19: 0 | P19: 0 | Q19: 0 | R19: 0 | S19: 0 | T19: 2.78 | U19: 3.23 | V19: 0 | W19: 0 | X19: 1 | Y19: 0 | Z19: 0 | AA19: 1 | AB19: 0 | AC19: Male | AD19: Other | AE19: High School | AF19: No | AG19: No | AH19: No | AI19: No | AJ19: No | AK19: No | AL19: No | AM19: No | AN19: No | AO19: Yes | AP19: No | AQ19: No | AR19: Yes | AS19: Negative | AT19: 0-17 (Child) | AU19: Obese | AV19: 0.86 | AW19: 2 | AX19: 0 | AY19: =IF(AND(OR(Overview!$B$10="All",AC19=Overview!$B$10),OR(Overview!$B$12="All",AD19=Overview!$B$12),OR(Overview!$B$14="All",AF19=Overview!$B$14),OR(Overview!$B$16="All",AT19=Overview!$B$16),OR(Overview!$B$18="All",AU19=Overview!$B$18)),1,0) -> 1 | AZ19: =IF(AND(OR('Dash 1'!$B$10="All",AC19='Dash 1'!$B$10),OR('Dash 1'!$B$12="All",AD19='Dash 1'!$B$12),OR('Dash 1'!$B$14="All",AF19='Dash 1'!$B$14),OR('Dash 1'!$B$16="All",AT19='Dash 1'!$B$16),OR('Dash 1'!$B$18="All",AU19='Dash 1'!$B$18)),1,0) -> 1 | BA19: =IF(AND(OR('Dash 2'!$B$10="All",AC19='Dash 2'!$B$10),OR('Dash 2'!$B$12="All",AD19='Dash 2'!$B$12),OR('Dash 2'!$B$14="All",AF19='Dash 2'!$B$14),OR('Dash 2'!$B$16="All",AT19='Dash 2'!$B$16),OR('Dash 2'!$B$18="All",AU19='Dash 2'!$B$18)),1,0) -> 1
A20: 5052 | B20: 68 | C20: 1 | D20: 1 | E20: 0 | F20: 29.71 | G20: 0 | H20: 3.8 | I20: 4.83 | J20: 9.44 | K20: 6.03 | L20: 0.28 | M20: 7.19 | N20: 0 | O20: 1 | P20: 1 | Q20: 0 | R20: 1 | S20: 0 | T20: 3.3 | U20: 4.82 | V20: 0 | W20: 0 | X20: 1 | Y20: 1 | Z20: 1 | AA20: 1 | AB20: 0 | AC20: Female | AD20: African American | AF20: No | AG20: No | AH20: Yes | AI20: Yes | AJ20: No | AK20: Yes | AL20: No | AM20: No | AN20: No | AO20: Yes | AP20: Yes | AQ20: Yes | AR20: Yes | AS20: Negative | AT20: 60+ | AU20: Overweight | AV20: 0.68 | AW20: 4 | AX20: 3 | AY20: =IF(AND(OR(Overview!$B$10="All",AC20=Overview!$B$10),OR(Overview!$B$12="All",AD20=Overview!$B$12),OR(Overview!$B$14="All",AF20=Overview!$B$14),OR(Overview!$B$16="All",AT20=Overview!$B$16),OR(Overview!$B$18="All",AU20=Overview!$B$18)),1,0) -> 1 | AZ20: =IF(AND(OR('Dash 1'!$B$10="All",AC20='Dash 1'!$B$10),OR('Dash 1'!$B$12="All",AD20='Dash 1'!$B$12),OR('Dash 1'!$B$14="All",AF20='Dash 1'!$B$14),OR('Dash 1'!$B$16="All",AT20='Dash 1'!$B$16),OR('Dash 1'!$B$18="All",AU20='Dash 1'!$B$18)),1,0) -> 1 | BA20: =IF(AND(OR('Dash 2'!$B$10="All",AC20='Dash 2'!$B$10),OR('Dash 2'!$B$12="All",AD20='Dash 2'!$B$12),OR('Dash 2'!$B$14="All",AF20='Dash 2'!$B$14),OR('Dash 2'!$B$16="All",AT20='Dash 2'!$B$16),OR('Dash 2'!$B$18="All",AU20='Dash 2'!$B$18)),1,0) -> 1
A21: 5053 | B21: 39 | C21: 0 | D21: 3 | E21: 2 | F21: 26.05 | G21: 1 | H21: 1.62 | I21: 8.91 | J21: 5.45 | K21: 3.45 | L21: 4.28 | M21: 4.24 | N21: 0 | O21: 0 | P21: 1 | Q21: 1 | R21: 0 | S21: 0 | T21: 2.58 | U21: 3.12 | V21: 1 | W21: 1 | X21: 1 | Y21: 1 | Z21: 0 | AA21: 0 | AB21: 1 | AC21: Male | AD21: Other | AE21: Bachelor's | AF21: Yes | AG21: No | AH21: No | AI21: Yes | AJ21: Yes | AK21: No | AL21: No | AM21: Yes | AN21: Yes | AO21: Yes | AP21: Yes | AQ21: No | AR21: No | AS21: Positive | AT21: 30-44 | AU21: Overweight | AV21: 0.82 | AW21: 4 | AX21: 2 | AY21: =IF(AND(OR(Overview!$B$10="All",AC21=Overview!$B$10),OR(Overview!$B$12="All",AD21=Overview!$B$12),OR(Overview!$B$14="All",AF21=Overview!$B$14),OR(Overview!$B$16="All",AT21=Overview!$B$16),OR(Overview!$B$18="All",AU21=Overview!$B$18)),1,0) -> 1 | AZ21: =IF(AND(OR('Dash 1'!$B$10="All",AC21='Dash 1'!$B$10),OR('Dash 1'!$B$12="All",AD21='Dash 1'!$B$12),OR('Dash 1'!$B$14="All",AF21='Dash 1'!$B$14),OR('Dash 1'!$B$16="All",AT21='Dash 1'!$B$16),OR('Dash 1'!$B$18="All",AU21='Dash 1'!$B$18)),1,0) -> 1 | BA21: =IF(AND(OR('Dash 2'!$B$10="All",AC21='Dash 2'!$B$10),OR('Dash 2'!$B$12="All",AD21='Dash 2'!$B$12),OR('Dash 2'!$B$14="All",AF21='Dash 2'!$B$14),OR('Dash 2'!$B$16="All",AT21='Dash 2'!$B$16),OR('Dash 2'!$B$18="All",AU21='Dash 2'!$B$18)),1,0) -> 1
A22: 5054 | B22: 43 | C22: 1 | D22: 0 | E22: 3 | F22: 24.7 | G22: 0 | H22: 3.56 | I22: 4.85 | J22: 9.24 | K22: 7.78 | L22: 6.61 | M22: 7.39 | N22: 1 | O22: 0 | P22: 1 | Q22: 0 | R22: 1 | S22: 0 | T22: 2.9 | U22: 3.48 | V22: 1 | W22: 1 | X22: 0 | Y22: 0 | Z22: 0 | AA22: 0 | AB22: 0 | AC22: Female | AD22: Caucasian | AE22: Higher | AF22: No | AG22: Yes | AH22: No | AI22: Yes | AJ22: No | AK22: Yes | AL22: No | AM22: Yes | AN22: Yes | AO22: No | AP22: No | AQ22: No | AR22: No | AS22: Negative | AT22: 30-44 | AU22: Normal | AV22: 0.83 | AW22: 2 | AX22: 2 | AY22: =IF(AND(OR(Overview!$B$10="All",AC22=Overview!$B$10),OR(Overview!$B$12="All",AD22=Overview!$B$12),OR(Overview!$B$14="All",AF22=Overview!$B$14),OR(Overview!$B$16="All",AT22=Overview!$B$16),OR(Overview!$B$18="All",AU22=Overview!$B$18)),1,0) -> 1 | AZ22: =IF(AND(OR('Dash 1'!$B$10="All",AC22='Dash 1'!$B$10),OR('Dash 1'!$B$12="All",AD22='Dash 1'!$B$12),OR('Dash 1'!$B$14="All",AF22='Dash 1'!$B$14),OR('Dash 1'!$B$16="All",AT22='Dash 1'!$B$16),OR('Dash 1'!$B$18="All",AU22='Dash 1'!$B$18)),1,0) -> 1 | BA22: =IF(AND(OR('Dash 2'!$B$10="All",AC22='Dash 2'!$B$10),OR('Dash 2'!$B$12="All",AD22='Dash 2'!$B$12),OR('Dash 2'!$B$14="All",AF22='Dash 2'!$B$14),OR('Dash 2'!$B$16="All",AT22='Dash 2'!$B$16),OR('Dash 2'!$B$18="All",AU22='Dash 2'!$B$18)),1,0) -> 1
A23: 5055 | B23: 33 | C23: 1 | D23: 0 | E23: 2 | F23: 27.9 | G23: 1 | H23: 0.72 | I23: 4.64 | J23: 7.07 | K23: 0.98 | L23: 2.44 | M23: 4.13 | N23: 0 | O23: 1 | P23: 0 | Q23: 0 | R23: 0 | S23: 0 | T23: 2.32 | U23: 3.01 | V23: 1 | W23: 1 | X23: 1 | Y23: 0 | Z23: 0 | AA23: 1 | AB23: 1 | AC23: Female | AD23: Caucasian | AE23: Bachelor's | AF23: Yes | AG23: No | AH23: Yes | AI23: No | AJ23: No | AK23: No | AL23: No | AM23: Yes | AN23: Yes | AO23: Yes | AP23: No | AQ23: No | AR23: Yes | AS23: Positive | AT23: 30-44 | AU23: Overweight | AV23: 0.77 | AW23: 4 | AX23: 1 | AY23: =IF(AND(OR(Overview!$B$10="All",AC23=Overview!$B$10),OR(Overview!$B$12="All",AD23=Overview!$B$12),OR(Overview!$B$14="All",AF23=Overview!$B$14),OR(Overview!$B$16="All",AT23=Overview!$B$16),OR(Overview!$B$18="All",AU23=Overview!$B$18)),1,0) -> 1 | AZ23: =IF(AND(OR('Dash 1'!$B$10="All",AC23='Dash 1'!$B$10),OR('Dash 1'!$B$12="All",AD23='Dash 1'!$B$12),OR('Dash 1'!$B$14="All",AF23='Dash 1'!$B$14),OR('Dash 1'!$B$16="All",AT23='Dash 1'!$B$16),OR('Dash 1'!$B$18="All",AU23='Dash 1'!$B$18)),1,0) -> 1 | BA23: =IF(AND(OR('Dash 2'!$B$10="All",AC23='Dash 2'!$B$10),OR('Dash 2'!$B$12="All",AD23='Dash 2'!$B$12),OR('Dash 2'!$B$14="All",AF23='Dash 2'!$B$14),OR('Dash 2'!$B$16="All",AT23='Dash 2'!$B$16),OR('Dash 2'!$B$18="All",AU23='Dash 2'!$B$18)),1,0) -> 1
A24: 5056 | B24: 18 | C24: 0 | D24: 0 | E24: 1 | F24: 30.39 | G24: 0 | H24: 4.7 | I24: 7.13 | J24: 7.02 | K24: 7.04 | L24: 5.41 | M24: 5.61 | N24: 0 | O24: 0 | P24: 0 | Q24: 0 | R24: 0 | S24: 0 | T24: 2.9 | U24: 4.08 | V24: 0 | W24: 1 | X24: 0 | Y24: 0 | Z24: 0 | AA24: 0 | AB24: 0 | AC24: Male | AD24: Caucasian | AE24: High School | AF24: No | AG24: No | AH24: No | AI24: No | AJ24: No | AK24: No | AL24: No | AM24: No | AN24: Yes | AO24: No | AP24: No | AQ24: No | AR24: No | AS24: Negative | AT24: 18-29 | AU24: Obese | AV24: 0.71 | AW24: 1 | AX24: 0 | AY24: =IF(AND(OR(Overview!$B$10="All",AC24=Overview!$B$10),OR(Overview!$B$12="All",AD24=Overview!$B$12),OR(Overview!$B$14="All",AF24=Overview!$B$14),OR(Overview!$B$16="All",AT24=Overview!$B$16),OR(Overview!$B$18="All",AU24=Overview!$B$18)),1,0) -> 1 | AZ24: =IF(AND(OR('Dash 1'!$B$10="All",AC24='Dash 1'!$B$10),OR('Dash 1'!$B$12="All",AD24='Dash 1'!$B$12),OR('Dash 1'!$B$14="All",AF24='Dash 1'!$B$14),OR('Dash 1'!$B$16="All",AT24='Dash 1'!$B$16),OR('Dash 1'!$B$18="All",AU24='Dash 1'!$B$18)),1,0) -> 1 | BA24: =IF(AND(OR('Dash 2'!$B$10="All",AC24='Dash 2'!$B$10),OR('Dash 2'!$B$12="All",AD24='Dash 2'!$B$12),OR('Dash 2'!$B$14="All",AF24='Dash 2'!$B$14),OR('Dash 2'!$B$16="All",AT24='Dash 2'!$B$16),OR('Dash 2'!$B$18="All",AU24='Dash 2'!$B$18)),1,0) -> 1
A25: 5057 | B25: 75 | C25: 0 | D25: 0 | E25: 2 | F25: 27.99 | G25: 0 | H25: 6.39 | I25: 5.75 | J25: 7.52 | K25: 5.04 | L25: 6.08 | M25: 5.5 | N25: 0 | O25: 0 | P25: 0 | Q25: 0 | R25: 1 | S25: 1 | T25: 2.08 | U25: 2.6 | V25: 0 | W25: 0 | X25: 0 | Y25: 1 | Z25: 0 | AA25: 1 | AB25: 1 | AC25: Male | AD25: Caucasian | AE25: Bachelor's | AF25: No | AG25: No | AH25: No | AI25: No | AJ25: No | AK25: Yes | AL25: Yes | AM25: No | AN25: No | AO25: No | AP25: Yes | AQ25: No | AR25: Yes | AS25: Positive | AT25: 60+ | AU25: Overweight | AV25: 0.8 | AW25: 2 | AX25: 2 | AY25: =IF(AND(OR(Overview!$B$10="All",AC25=Overview!$B$10),OR(Overview!$B$12="All",AD25=Overview!$B$12),OR(Overview!$B$14="All",AF25=Overview!$B$14),OR(Overview!$B$16="All",AT25=Overview!$B$16),OR(Overview!$B$18="All",AU25=Overview!$B$18)),1,0) -> 1 | AZ25: =IF(AND(OR('Dash 1'!$B$10="All",AC25='Dash 1'!$B$10),OR('Dash 1'!$B$12="All",AD25='Dash 1'!$B$12),OR('Dash 1'!$B$14="All",AF25='Dash 1'!$B$14),OR('Dash 1'!$B$16="All",AT25='Dash 1'!$B$16),OR('Dash 1'!$B$18="All",AU25='Dash 1'!$B$18)),1,0) -> 1 | BA25: =IF(AND(OR('Dash 2'!$B$10="All",AC25='Dash 2'!$B$10),OR('Dash 2'!$B$12="All",AD25='Dash 2'!$B$12),OR('Dash 2'!$B$14="All",AF25='Dash 2'!$B$14),OR('Dash 2'!$B$16="All",AT25='Dash 2'!$B$16),OR('Dash 2'!$B$18="All",AU25='Dash 2'!$B$18)),1,0) -> 1
A26: 5058 | B26: 64 | C26: 1 | D26: 0 | E26: 1 | F26: 22.62 | G26: 0 | H26: 3.27 | I26: 4.81 | J26: 7.51 | K26: 7.41 | L26: 7.79 | M26: 2.85 | N26: 0 | O26: 0 | P26: 1 | Q26: 0 | R26: 0 | S26: 0 | T26: 3.73 | U26: 5.11 | V26: 1 | W26: 1 | X26: 1 | Y26: 0 | Z26: 0 | AA26: 0 | AB26: 1 | AC26: Female | AD26: Caucasian | AE26: High School | AF26: No | AG26: No | AH26: No | AI26: Yes | AJ26: No | AK26: No | AL26: No | AM26: Yes | AN26: Yes | AO26: Yes | AP26: No | AQ26: No | AR26: No | AS26: Positive | AT26: 60+ | AU26: Normal | AV26: 0.73 | AW26: 3 | AX26: 1 | AY26: =IF(AND(OR(Overview!$B$10="All",AC26=Overview!$B$10),OR(Overview!$B$12="All",AD26=Overview!$B$12),OR(Overview!$B$14="All",AF26=Overview!$B$14),OR(Overview!$B$16="All",AT26=Overview!$B$16),OR(Overview!$B$18="All",AU26=Overview!$B$18)),1,0) -> 1 | AZ26: =IF(AND(OR('Dash 1'!$B$10="All",AC26='Dash 1'!$B$10),OR('Dash 1'!$B$12="All",AD26='Dash 1'!$B$12),OR('Dash 1'!$B$14="All",AF26='Dash 1'!$B$14),OR('Dash 1'!$B$16="All",AT26='Dash 1'!$B$16),OR('Dash 1'!$B$18="All",AU26='Dash 1'!$B$18)),1,0) -> 1 | BA26: =IF(AND(OR('Dash 2'!$B$10="All",AC26='Dash 2'!$B$10),OR('Dash 2'!$B$12="All",AD26='Dash 2'!$B$12),OR('Dash 2'!$B$14="All",AF26='Dash 2'!$B$14),OR('Dash 2'!$B$16="All",AT26='Dash 2'!$B$16),OR('Dash 2'!$B$18="All",AU26='Dash 2'!$B$18)),1,0) -> 1
A27: 5059 | B27: 53 | C27: 0 | D27: 0 | E27: 2 | F27: 25.13 | G27: 0 | H27: 4.8 | I27: 7.32 | J27: 9.41 | K27: 3.05 | L27: 9.28 | M27: 3.14 | N27: 0 | O27: 0 | P27: 0 | Q27: 0 | R27: 0 | S27: 0 | T27: 2.62 | U27: 3.6 | V27: 0 | W27: 0 | X27: 0 | Y27: 1 | Z27: 0 | AA27: 1 | AB27: 0 | AC27: Male | AD27: Caucasian | AE27: Bachelor's | AF27: No | AG27: No | AH27: No | AI27: No | AJ27: No | AK27: No | AL27: No | AM27: No | AN27: No | AO27: No | AP27: Yes | AQ27: No | AR27: Yes | AS27: Negative | AT27: 45-59 | AU27: Overweight | AV27: 0.73 | AW27: 2 | AX27: 0 | AY27: =IF(AND(OR(Overview!$B$10="All",AC27=Overview!$B$10),OR(Overview!$B$12="All",AD27=Overview!$B$12),OR(Overview!$B$14="All",AF27=Overview!$B$14),OR(Overview!$B$16="All",AT27=Overview!$B$16),OR(Overview!$B$18="All",AU27=Overview!$B$18)),1,0) -> 1 | AZ27: =IF(AND(OR('Dash 1'!$B$10="All",AC27='Dash 1'!$B$10),OR('Dash 1'!$B$12="All",AD27='Dash 1'!$B$12),OR('Dash 1'!$B$14="All",AF27='Dash 1'!$B$14),OR('Dash 1'!$B$16="All",AT27='Dash 1'!$B$16),OR('Dash 1'!$B$18="All",AU27='Dash 1'!$B$18)),1,0) -> 1 | BA27: =IF(AND(OR('Dash 2'!$B$10="All",AC27='Dash 2'!$B$10),OR('Dash 2'!$B$12="All",AD27='Dash 2'!$B$12),OR('Dash 2'!$B$14="All",AF27='Dash 2'!$B$14),OR('Dash 2'!$B$16="All",AT27='Dash 2'!$B$16),OR('Dash 2'!$B$18="All",AU27='Dash 2'!$B$18)),1,0) -> 1
A28: 5060 | B28: 35 | C28: 0 | D28: 0 | E28: 2 | F28: 35.91 | G28: 0 | H28: 4.51 | I28: 6.37 | J28: 7.68 | K28: 5.22 | L28: 4.06 | M28: 10 | N28: 0 | O28: 0 | P28: 0 | Q28: 0 | R28: 0 | S28: 0 | T28: 3.08 | U28: 3.69 | V28: 0 | W28: 0 | X28: 0 | Y28: 0 | Z28: 1 | AA28: 0 | AB28: 0 | AC28: Male | AD28: Caucasian | AE28: Bachelor's | AF28: No | AG28: No | AH28: No | AI28: No | AJ28: No | AK28: No | AL28: No | AM28: No | AN28: No | AO28: No | AP28: No | AQ28: Yes | AR28: No | AS28: Negative | AT28: 30-44 | AU28: Obese | AV28: 0.83 | AW28: 1 | AX28: 0 | AY28: =IF(AND(OR(Overview!$B$10="All",AC28=Overview!$B$10),OR(Overview!$B$12="All",AD28=Overview!$B$12),OR(Overview!$B$14="All",AF28=Overview!$B$14),OR(Overview!$B$16="All",AT28=Overview!$B$16),OR(Overview!$B$18="All",AU28=Overview!$B$18)),1,0) -> 1 | AZ28: =IF(AND(OR('Dash 1'!$B$10="All",AC28='Dash 1'!$B$10),OR('Dash 1'!$B$12="All",AD28='Dash 1'!$B$12),OR('Dash 1'!$B$14="All",AF28='Dash 1'!$B$14),OR('Dash 1'!$B$16="All",AT28='Dash 1'!$B$16),OR('Dash 1'!$B$18="All",AU28='Dash 1'!$B$18)),1,0) -> 1 | BA28: =IF(AND(OR('Dash 2'!$B$10="All",AC28='Dash 2'!$B$10),OR('Dash 2'!$B$12="All",AD28='Dash 2'!$B$12),OR('Dash 2'!$B$14="All",AF28='Dash 2'!$B$14),OR('Dash 2'!$B$16="All",AT28='Dash 2'!$B$16),OR('Dash 2'!$B$18="All",AU28='Dash 2'!$B$18)),1,0) -> 1
A29: 5061 | B29: 67 | C29: 0 | D29: 3 | E29: 2 | F29: 28.26 | G29: 1 | H29: 6.12 | I29: 6.25 | J29: 7.3 | K29: 5.15 | L29: 5.46 | M29: 2.77 | N29: 0 | O29: 0 | P29: 0 | Q29: 1 | R29: 0 | S29: 0 | T29: 2.7 | U29: 3.25 | V29: 1 | W29: 0 | X29: 1 | Y29: 1 | Z29: 1 | AA29: 1 | AB29: 1 | AC29: Male | AD29: Other | AE29: Bachelor's | AF29: Yes | AG29: No | AH29: No | AI29: No | AJ29: Yes | AK29: No | AL29: No | AM29: Yes | AN29: No | AO29: Yes | AP29: Yes | AQ29: Yes | AR29: Yes | AS29: Positive | AT29: 60+ | AU29: Overweight | AV29: 0.83 | AW29: 5 | AX29: 1 | AY29: =IF(AND(OR(Overview!$B$10="All",AC29=Overview!$B$10),OR(Overview!$B$12="All",AD29=Overview!$B$12),OR(Overview!$B$14="All",AF29=Overview!$B$14),OR(Overview!$B$16="All",AT29=Overview!$B$16),OR(Overview!$B$18="All",AU29=Overview!$B$18)),1,0) -> 1 | AZ29: =IF(AND(OR('Dash 1'!$B$10="All",AC29='Dash 1'!$B$10),OR('Dash 1'!$B$12="All",AD29='Dash 1'!$B$12),OR('Dash 1'!$B$14="All",AF29='Dash 1'!$B$14),OR('Dash 1'!$B$16="All",AT29='Dash 1'!$B$16),OR('Dash 1'!$B$18="All",AU29='Dash 1'!$B$18)),1,0) -> 1 | BA29: =IF(AND(OR('Dash 2'!$B$10="All",AC29='Dash 2'!$B$10),OR('Dash 2'!$B$12="All",AD29='Dash 2'!$B$12),OR('Dash 2'!$B$14="All",AF29='Dash 2'!$B$14),OR('Dash 2'!$B$16="All",AT29='Dash 2'!$B$16),OR('Dash 2'!$B$18="All",AU29='Dash 2'!$B$18)),1,0) -> 1
A30: 5062 | B30: 46 | C30: 0 | D30: 0 | E30: 2 | F30: 30.35 | G30: 0 | H30: 3.65 | I30: 5.02 | J30: 6.45 | K30: 6.08 | L30: 5.54 | M30: 5.92 | N30: 0 | O30: 0 | P30: 1 | Q30: 0 | R30: 0 | S30: 0 | T30: 2.99 | U30: 3.75 | V30: 0 | W30: 0 | X30: 1 | Y30: 1 | Z30: 1 | AA30: 1 | AB30: 0 | AC30: Male | AD30: Caucasian | AE30: Bachelor's | AF30: No | AG30: No | AH30: No | AI30: Yes | AJ30: No | AK30: No | AL30: No | AM30: No | AN30: No | AO30: Yes | AP30: Yes | AQ30: Yes | AR30: Yes | AS30: Negative | AT30: 45-59 | AU30: Obese | AV30: 0.8 | AW30: 4 | AX30: 1 | AY30: =IF(AND(OR(Overview!$B$10="All",AC30=Overview!$B$10),OR(Overview!$B$12="All",AD30=Overview!$B$12),OR(Overview!$B$14="All",AF30=Overview!$B$14),OR(Overview!$B$16="All",AT30=Overview!$B$16),OR(Overview!$B$18="All",AU30=Overview!$B$18)),1,0) -> 1 | AZ30: =IF(AND(OR('Dash 1'!$B$10="All",AC30='Dash 1'!$B$10),OR('Dash 1'!$B$12="All",AD30='Dash 1'!$B$12),OR('Dash 1'!$B$14="All",AF30='Dash 1'!$B$14),OR('Dash 1'!$B$16="All",AT30='Dash 1'!$B$16),OR('Dash 1'!$B$18="All",AU30='Dash 1'!$B$18)),1,0) -> 1 | BA30: =IF(AND(OR('Dash 2'!$B$10="All",AC30='Dash 2'!$B$10),OR('Dash 2'!$B$12="All",AD30='Dash 2'!$B$12),OR('Dash 2'!$B$14="All",AF30='Dash 2'!$B$14),OR('Dash 2'!$B$16="All",AT30='Dash 2'!$B$16),OR('Dash 2'!$B$18="All",AU30='Dash 2'!$B$18)),1,0) -> 1
A31: 5063 | B31: 38 | C31: 1 | D31: 0 | E31: 3 | F31: 28.7 | G31: 0 | H31: 3.73 | I31: 4.62 | J31: 8.09 | K31: 2.38 | L31: 6.62 | M31: 6.45 | N31: 0 | O31: 0 | P31: 1 | Q31: 0 | R31: 0 | S31: 0 | T31: 2.91 | U31: 3.36 | V31: 0 | W31: 0 | X31: 0 | Y31: 0 | Z31: 0 | AA31: 0 | AB31: 0 | AC31: Female | AD31: Caucasian | AE31: Higher | AF31: No | AG31: No | AH31: No | AI31: Yes | AJ31: No | AK31: No | AL31: No | AM31: No | AN31: No | AO31: No | AP31: No | AQ31: No | AR31: No | AS31: Negative | AT31: 30-44 | AU31: Overweight | AV31: 0.87 | AW31: 0 | AX31: 1 | AY31: =IF(AND(OR(Overview!$B$10="All",AC31=Overview!$B$10),OR(Overview!$B$12="All",AD31=Overview!$B$12),OR(Overview!$B$14="All",AF31=Overview!$B$14),OR(Overview!$B$16="All",AT31=Overview!$B$16),OR(Overview!$B$18="All",AU31=Overview!$B$18)),1,0) -> 1 | AZ31: =IF(AND(OR('Dash 1'!$B$10="All",AC31='Dash 1'!$B$10),OR('Dash 1'!$B$12="All",AD31='Dash 1'!$B$12),OR('Dash 1'!$B$14="All",AF31='Dash 1'!$B$14),OR('Dash 1'!$B$16="All",AT31='Dash 1'!$B$16),OR('Dash 1'!$B$18="All",AU31='Dash 1'!$B$18)),1,0) -> 1 | BA31: =IF(AND(OR('Dash 2'!$B$10="All",AC31='Dash 2'!$B$10),OR('Dash 2'!$B$12="All",AD31='Dash 2'!$B$12),OR('Dash 2'!$B$14="All",AF31='Dash 2'!$B$14),OR('Dash 2'!$B$16="All",AT31='Dash 2'!$B$16),OR('Dash 2'!$B$18="All",AU31='Dash 2'!$B$18)),1,0) -> 1
A32: 5064 | B32: 39 | C32: 0 | D32: 2 | E32: 1 | F32: 27.37 | G32: 0 | H32: 3.14 | I32: 7.06 | J32: 5.76 | K32: 6.59 | L32: 6.34 | M32: 4.86 | N32: 1 | O32: 0 | P32: 1 | Q32: 1 | R32: 1 | S32: 0 | T32: 2.57 | U32: 3.2 | V32: 1 | W32: 0 | X32: 1 | Y32: 1 | Z32: 0 | AA32: 1 | AB32: 1 | AC32: Male | AD32: Asian | AE32: High School | AF32: No | AG32: Yes | AH32: No | AI32: Yes | AJ32: Yes | AK32: Yes | AL32: No | AM32: Yes | AN32: No | AO32: Yes | AP32: Yes | AQ32: No | AR32: Yes | AS32: Positive | AT32: 30-44 | AU32: Overweight | AV32: 0.8 | AW32: 4 | AX32: 3 | AY32: =IF(AND(OR(Overview!$B$10="All",AC32=Overview!$B$10),OR(Overview!$B$12="All",AD32=Overview!$B$12),OR(Overview!$B$14="All",AF32=Overview!$B$14),OR(Overview!$B$16="All",AT32=Overview!$B$16),OR(Overview!$B$18="All",AU32=Overview!$B$18)),1,0) -> 1 | AZ32: =IF(AND(OR('Dash 1'!$B$10="All",AC32='Dash 1'!$B$10),OR('Dash 1'!$B$12="All",AD32='Dash 1'!$B$12),OR('Dash 1'!$B$14="All",AF32='Dash 1'!$B$14),OR('Dash 1'!$B$16="All",AT32='Dash 1'!$B$16),OR('Dash 1'!$B$18="All",AU32='Dash 1'!$B$18)),1,0) -> 1 | BA32: =IF(AND(OR('Dash 2'!$B$10="All",AC32='Dash 2'!$B$10),OR('Dash 2'!$B$12="All",AD32='Dash 2'!$B$12),OR('Dash 2'!$B$14="All",AF32='Dash 2'!$B$14),OR('Dash 2'!$B$16="All",AT32='Dash 2'!$B$16),OR('Dash 2'!$B$18="All",AU32='Dash 2'!$B$18)),1,0) -> 1
A33: 5065 | B33: 22 | C33: 1 | D33: 0 | E33: 0 | F33: 26.54 | G33: 0 | H33: 2.5 | I33: 4.45 | J33: 7.14 | K33: 0.39 | L33: 8.56 | M33: 6.68 | N33: 0 | O33: 1 | P33: 1 | Q33: 1 | R33: 1 | S33: 0 | T33: 2.74 | U33: 3.99 | V33: 0 | W33: 1 | X33: 1 | Y33: 1 | Z33: 1 | AA33: 0 | AB33: 0 | AC33: Female | AD33: Caucasian | AF33: No | AG33: No | AH33: Yes | AI33: Yes | AJ33: Yes | AK33: Yes | AL33: No | AM33: No | AN33: Yes | AO33: Yes | AP33: Yes | AQ33: Yes | AR33: No | AS33: Negative | AT33: 18-29 | AU33: Overweight | AV33: 0.69 | AW33: 4 | AX33: 4 | AY33: =IF(AND(OR(Overview!$B$10="All",AC33=Overview!$B$10),OR(Overview!$B$12="All",AD33=Overview!$B$12),OR(Overview!$B$14="All",AF33=Overview!$B$14),OR(Overview!$B$16="All",AT33=Overview!$B$16),OR(Overview!$B$18="All",AU33=Overview!$B$18)),1,0) -> 1 | AZ33: =IF(AND(OR('Dash 1'!$B$10="All",AC33='Dash 1'!$B$10),OR('Dash 1'!$B$12="All",AD33='Dash 1'!$B$12),OR('Dash 1'!$B$14="All",AF33='Dash 1'!$B$14),OR('Dash 1'!$B$16="All",AT33='Dash 1'!$B$16),OR('Dash 1'!$B$18="All",AU33='Dash 1'!$B$18)),1,0) -> 1 | BA33: =IF(AND(OR('Dash 2'!$B$10="All",AC33='Dash 2'!$B$10),OR('Dash 2'!$B$12="All",AD33='Dash 2'!$B$12),OR('Dash 2'!$B$14="All",AF33='Dash 2'!$B$14),OR('Dash 2'!$B$16="All",AT33='Dash 2'!$B$16),OR('Dash 2'!$B$18="All",AU33='Dash 2'!$B$18)),1,0) -> 1
A34: 5066 | B34: 12 | C34: 0 | D34: 3 | E34: 1 | F34: 30.49 | G34: 0 | H34: 6.16 | I34: 8.14 | J34: 10 | K34: 3.33 | L34: 0 | M34: 5.82 | N34: 1 | O34: 0 | P34: 0 | Q34: 1 | R34: 1 | S34: 0 | T34: 2.48 | U34: 3.2 | V34: 0 | W34: 0 | X34: 0 | Y34: 0 | Z34: 0 | AA34: 0 | AB34: 0 | AC34: Male | AD34: Other | AE34: High School | AF34: No | AG34: Yes | AH34: No | AI34: No | AJ34: Yes | AK34: Yes | AL34: No | AM34: No | AN34: No | AO34: No | AP34: No | AQ34: No | AR34: No | AS34: Negative | AT34: 0-17 (Child) | AU34: Obese | AV34: 0.78 | AW34: 0 | AX34: 2 | AY34: =IF(AND(OR(Overview!$B$10="All",AC34=Overview!$B$10),OR(Overview!$B$12="All",AD34=Overview!$B$12),OR(Overview!$B$14="All",AF34=Overview!$B$14),OR(Overview!$B$16="All",AT34=Overview!$B$16),OR(Overview!$B$18="All",AU34=Overview!$B$18)),1,0) -> 1 | AZ34: =IF(AND(OR('Dash 1'!$B$10="All",AC34='Dash 1'!$B$10),OR('Dash 1'!$B$12="All",AD34='Dash 1'!$B$12),OR('Dash 1'!$B$14="All",AF34='Dash 1'!$B$14),OR('Dash 1'!$B$16="All",AT34='Dash 1'!$B$16),OR('Dash 1'!$B$18="All",AU34='Dash 1'!$B$18)),1,0) -> 1 | BA34: =IF(AND(OR('Dash 2'!$B$10="All",AC34='Dash 2'!$B$10),OR('Dash 2'!$B$12="All",AD34='Dash 2'!$B$12),OR('Dash 2'!$B$14="All",AF34='Dash 2'!$B$14),OR('Dash 2'!$B$16="All",AT34='Dash 2'!$B$16),OR('Dash 2'!$B$18="All",AU34='Dash 2'!$B$18)),1,0) -> 1
A35: 5067 | B35: 47 | C35: 1 | D35: 1 | E35: 2 | F35: 29.59 | G35: 0 | H35: 4.7 | I35: 3.36 | J35: 4 | K35: 1.09 | L35: 6.05 | M35: 2.82 | N35: 0 | O35: 1 | P35: 1 | Q35: 1 | R35: 0 | S35: 0 | T35: 2.49 | U35: 3.01 | V35: 1 | W35: 0 | X35: 0 | Y35: 0 | Z35: 0 | AA35: 0 | AB35: 1 | AC35: Female | AD35: African American | AE35: Bachelor's | AF35: No | AG35: No | AH35: Yes | AI35: Yes | AJ35: Yes | AK35: No | AL35: No | AM35: Yes | AN35: No | AO35: No | AP35: No | AQ35: No | AR35: No | AS35: Positive | AT35: 45-59 | AU35: Overweight | AV35: 0.83 | AW35: 1 | AX35: 3 | AY35: =IF(AND(OR(Overview!$B$10="All",AC35=Overview!$B$10),OR(Overview!$B$12="All",AD35=Overview!$B$12),OR(Overview!$B$14="All",AF35=Overview!$B$14),OR(Overview!$B$16="All",AT35=Overview!$B$16),OR(Overview!$B$18="All",AU35=Overview!$B$18)),1,0) -> 1 | AZ35: =IF(AND(OR('Dash 1'!$B$10="All",AC35='Dash 1'!$B$10),OR('Dash 1'!$B$12="All",AD35='Dash 1'!$B$12),OR('Dash 1'!$B$14="All",AF35='Dash 1'!$B$14),OR('Dash 1'!$B$16="All",AT35='Dash 1'!$B$16),OR('Dash 1'!$B$18="All",AU35='Dash 1'!$B$18)),1,0) -> 1 | BA35: =IF(AND(OR('Dash 2'!$B$10="All",AC35='Dash 2'!$B$10),OR('Dash 2'!$B$12="All",AD35='Dash 2'!$B$12),OR('Dash 2'!$B$14="All",AF35='Dash 2'!$B$14),OR('Dash 2'!$B$16="All",AT35='Dash 2'!$B$16),OR('Dash 2'!$B$18="All",AU35='Dash 2'!$B$18)),1,0) -> 1
A36: 5068 | B36: 72 | C36: 0 | D36: 0 | E36: 2 | F36: 27.32 | G36: 0 | H36: 5.12 | I36: 8.39 | J36: 7.3 | K36: 7.07 | L36: 6.22 | M36: 6.34 | N36: 0 | O36: 0 | P36: 1 | Q36: 0 | R36: 0 | S36: 0 | T36: 1.78 | U36: 2.34 | V36: 0 | W36: 0 | X36: 1 | Y36: 1 | Z36: 1 | AA36: 0 | AB36: 1 | AC36: Male | AD36: Caucasian | AE36: Bachelor's | AF36: No | AG36: No | AH36: No | AI36: Yes | AJ36: No | AK36: No | AL36: No | AM36: No | AN36: No | AO36: Yes | AP36: Yes | AQ36: Yes | AR36: No | AS36: Positive | AT36: 60+ | AU36: Overweight | AV36: 0.76 | AW36: 3 | AX36: 1 | AY36: =IF(AND(OR(Overview!$B$10="All",AC36=Overview!$B$10),OR(Overview!$B$12="All",AD36=Overview!$B$12),OR(Overview!$B$14="All",AF36=Overview!$B$14),OR(Overview!$B$16="All",AT36=Overview!$B$16),OR(Overview!$B$18="All",AU36=Overview!$B$18)),1,0) -> 1 | AZ36: =IF(AND(OR('Dash 1'!$B$10="All",AC36='Dash 1'!$B$10),OR('Dash 1'!$B$12="All",AD36='Dash 1'!$B$12),OR('Dash 1'!$B$14="All",AF36='Dash 1'!$B$14),OR('Dash 1'!$B$16="All",AT36='Dash 1'!$B$16),OR('Dash 1'!$B$18="All",AU36='Dash 1'!$B$18)),1,0) -> 1 | BA36: =IF(AND(OR('Dash 2'!$B$10="All",AC36='Dash 2'!$B$10),OR('Dash 2'!$B$12="All",AD36='Dash 2'!$B$12),OR('Dash 2'!$B$14="All",AF36='Dash 2'!$B$14),OR('Dash 2'!$B$16="All",AT36='Dash 2'!$B$16),OR('Dash 2'!$B$18="All",AU36='Dash 2'!$B$18)),1,0) -> 1
A37: 5069 | B37: 9 | C37: 0 | D37: 1 | E37: 2 | F37: 22.53 | G37: 0 | H37: 7.8 | I37: 6.86 | J37: 7.35 | K37: 6 | L37: 4.41 | M37: 3.64 | N37: 0 | O37: 0 | P37: 0 | Q37: 1 | R37: 0 | S37: 0 | T37: 2.21 | U37: 2.59 | V37: 0 | W37: 0 | X37: 0 | Y37: 1 | Z37: 1 | AA37: 0 | AB37: 0 | AC37: Male | AD37: African American | AE37: Bachelor's | AF37: No | AG37: No | AH37: No | AI37: No | AJ37: Yes | AK37: No | AL37: No | AM37: No | AN37: No | AO37: No | AP37: Yes | AQ37: Yes | AR37: No | AS37: Negative | AT37: 0-17 (Child) | AU37: Normal | AV37: 0.86 | AW37: 2 | AX37: 1 | AY37: =IF(AND(OR(Overview!$B$10="All",AC37=Overview!$B$10),OR(Overview!$B$12="All",AD37=Overview!$B$12),OR(Overview!$B$14="All",AF37=Overview!$B$14),OR(Overview!$B$16="All",AT37=Overview!$B$16),OR(Overview!$B$18="All",AU37=Overview!$B$18)),1,0) -> 1 | AZ37: =IF(AND(OR('Dash 1'!$B$10="All",AC37='Dash 1'!$B$10),OR('Dash 1'!$B$12="All",AD37='Dash 1'!$B$12),OR('Dash 1'!$B$14="All",AF37='Dash 1'!$B$14),OR('Dash 1'!$B$16="All",AT37='Dash 1'!$B$16),OR('Dash 1'!$B$18="All",AU37='Dash 1'!$B$18)),1,0) -> 1 | BA37: =IF(AND(OR('Dash 2'!$B$10="All",AC37='Dash 2'!$B$10),OR('Dash 2'!$B$12="All",AD37='Dash 2'!$B$12),OR('Dash 2'!$B$14="All",AF37='Dash 2'!$B$14),OR('Dash 2'!$B$16="All",AT37='Dash 2'!$B$16),OR('Dash 2'!$B$18="All",AU37='Dash 2'!$B$18)),1,0) -> 1
A38: 5070 | B38: 70 | C38: 1 | D38: 1 | E38: 2 | F38: 27.93 | G38: 0 | H38: 7.93 | I38: 4 | J38: 6.7 | K38: 6.14 | L38: 0 | M38: 9.35 | N38: 0 | O38: 0 | P38: 0 | Q38: 0 | R38: 0 | S38: 0 | T38: 2.32 | U38: 2.98 | V38: 0 | W38: 0 | X38: 1 | Y38: 0 | Z38: 0 | AA38: 1 | AB38: 1 | AC38: Female | AD38: African American | AE38: Bachelor's | AF38: No | AG38: No | AH38: No | AI38: No | AJ38: No | AK38: No | AL38: No | AM38: No | AN38: No | AO38: Yes | AP38: No | AQ38: No | AR38: Yes | AS38: Positive | AT38: 60+ | AU38: Overweight | AV38: 0.78 | AW38: 2 | AX38: 0 | AY38: =IF(AND(OR(Overview!$B$10="All",AC38=Overview!$B$10),OR(Overview!$B$12="All",AD38=Overview!$B$12),OR(Overview!$B$14="All",AF38=Overview!$B$14),OR(Overview!$B$16="All",AT38=Overview!$B$16),OR(Overview!$B$18="All",AU38=Overview!$B$18)),1,0) -> 1 | AZ38: =IF(AND(OR('Dash 1'!$B$10="All",AC38='Dash 1'!$B$10),OR('Dash 1'!$B$12="All",AD38='Dash 1'!$B$12),OR('Dash 1'!$B$14="All",AF38='Dash 1'!$B$14),OR('Dash 1'!$B$16="All",AT38='Dash 1'!$B$16),OR('Dash 1'!$B$18="All",AU38='Dash 1'!$B$18)),1,0) -> 1 | BA38: =IF(AND(OR('Dash 2'!$B$10="All",AC38='Dash 2'!$B$10),OR('Dash 2'!$B$12="All",AD38='Dash 2'!$B$12),OR('Dash 2'!$B$14="All",AF38='Dash 2'!$B$14),OR('Dash 2'!$B$16="All",AT38='Dash 2'!$B$16),OR('Dash 2'!$B$18="All",AU38='Dash 2'!$B$18)),1,0) -> 1
A39: 5071 | B39: 67 | C39: 0 | D39: 2 | E39: 1 | F39: 25.66 | G39: 0 | H39: 1.38 | I39: 5.97 | J39: 6.73 | K39: 8.68 | L39: 4.85 | M39: 6.07 | N39: 1 | O39: 0 | P39: 0 | Q39: 0 | R39: 0 | S39: 0 | T39: 3.54 | U39: 4.14 | V39: 1 | W39: 0 | X39: 0 | Y39: 0 | Z39: 1 | AA39: 0 | AB39: 1 | AC39: Male | AD39: Asian | AE39: High School | AF39: No | AG39: Yes | AH39: No | AI39: No | AJ39: No | AK39: No | AL39: No | AM39: Yes | AN39: No | AO39: No | AP39: No | AQ39: Yes | AR39: No | AS39: Positive | AT39: 60+ | AU39: Overweight | AV39: 0.86 | AW39: 2 | AX39: 0 | AY39: =IF(AND(OR(Overview!$B$10="All",AC39=Overview!$B$10),OR(Overview!$B$12="All",AD39=Overview!$B$12),OR(Overview!$B$14="All",AF39=Overview!$B$14),OR(Overview!$B$16="All",AT39=Overview!$B$16),OR(Overview!$B$18="All",AU39=Overview!$B$18)),1,0) -> 1 | AZ39: =IF(AND(OR('Dash 1'!$B$10="All",AC39='Dash 1'!$B$10),OR('Dash 1'!$B$12="All",AD39='Dash 1'!$B$12),OR('Dash 1'!$B$14="All",AF39='Dash 1'!$B$14),OR('Dash 1'!$B$16="All",AT39='Dash 1'!$B$16),OR('Dash 1'!$B$18="All",AU39='Dash 1'!$B$18)),1,0) -> 1 | BA39: =IF(AND(OR('Dash 2'!$B$10="All",AC39='Dash 2'!$B$10),OR('Dash 2'!$B$12="All",AD39='Dash 2'!$B$12),OR('Dash 2'!$B$14="All",AF39='Dash 2'!$B$14),OR('Dash 2'!$B$16="All",AT39='Dash 2'!$B$16),OR('Dash 2'!$B$18="All",AU39='Dash 2'!$B$18)),1,0) -> 1
A40: 5072 | B40: 26 | C40: 0 | D40: 2 | E40: 2 | F40: 25.46 | G40: 1 | H40: 5.23 | I40: 4.23 | J40: 6.72 | K40: 4.21 | L40: 3.22 | M40: 3.25 | N40: 0 | O40: 0 | P40: 0 | Q40: 0 | R40: 0 | S40: 0 | T40: 2.83 | U40: 3.38 | V40: 0 | W40: 0 | X40: 0 | Y40: 0 | Z40: 0 | AA40: 0 | AB40: 0 | AC40: Male | AD40: Asian | AE40: Bachelor's | AF40: Yes | AG40: No | AH40: No | AI40: No | AJ40: No | AK40: No | AL40: No | AM40: No | AN40: No | AO40: No | AP40: No | AQ40: No | AR40: No | AS40: Negative | AT40: 18-29 | AU40: Overweight | AV40: 0.84 | AW40: 0 | AX40: 0 | AY40: =IF(AND(OR(Overview!$B$10="All",AC40=Overview!$B$10),OR(Overview!$B$12="All",AD40=Overview!$B$12),OR(Overview!$B$14="All",AF40=Overview!$B$14),OR(Overview!$B$16="All",AT40=Overview!$B$16),OR(Overview!$B$18="All",AU40=Overview!$B$18)),1,0) -> 1 | AZ40: =IF(AND(OR('Dash 1'!$B$10="All",AC40='Dash 1'!$B$10),OR('Dash 1'!$B$12="All",AD40='Dash 1'!$B$12),OR('Dash 1'!$B$14="All",AF40='Dash 1'!$B$14),OR('Dash 1'!$B$16="All",AT40='Dash 1'!$B$16),OR('Dash 1'!$B$18="All",AU40='Dash 1'!$B$18)),1,0) -> 1 | BA40: =IF(AND(OR('Dash 2'!$B$10="All",AC40='Dash 2'!$B$10),OR('Dash 2'!$B$12="All",AD40='Dash 2'!$B$12),OR('Dash 2'!$B$14="All",AF40='Dash 2'!$B$14),OR('Dash 2'!$B$16="All",AT40='Dash 2'!$B$16),OR('Dash 2'!$B$18="All",AU40='Dash 2'!$B$18)),1,0) -> 1
A41: 5073 | B41: 53 | C41: 1 | D41: 1 | E41: 2 | F41: 39.39 | G41: 0 | H41: 5.5 | I41: 5.64 | J41: 6.67 | K41: 6.52 | L41: 9.19 | M41: 5.86 | N41: 0 | O41: 0 | P41: 1 | Q41: 0 | R41: 0 | S41: 1 | T41: 2.79 | U41: 3.78 | V41: 1 | W41: 0 | X41: 1 | Y41: 1 | Z41: 1 | AA41: 0 | AB41: 1 | AC41: Female | AD41: African American | AE41: Bachelor's | AF41: No | AG41: No | AH41: No | AI41: Yes | AJ41: No | AK41: No | AL41: Yes | AM41: Yes | AN41: No | AO41: Yes | AP41: Yes | AQ41: Yes | AR41: No | AS41: Positive | AT41: 45-59 | AU41: Obese | AV41: 0.74 | AW41: 4 | AX41: 2 | AY41: =IF(AND(OR(Overview!$B$10="All",AC41=Overview!$B$10),OR(Overview!$B$12="All",AD41=Overview!$B$12),OR(Overview!$B$14="All",AF41=Overview!$B$14),OR(Overview!$B$16="All",AT41=Overview!$B$16),OR(Overview!$B$18="All",AU41=Overview!$B$18)),1,0) -> 1 | AZ41: =IF(AND(OR('Dash 1'!$B$10="All",AC41='Dash 1'!$B$10),OR('Dash 1'!$B$12="All",AD41='Dash 1'!$B$12),OR('Dash 1'!$B$14="All",AF41='Dash 1'!$B$14),OR('Dash 1'!$B$16="All",AT41='Dash 1'!$B$16),OR('Dash 1'!$B$18="All",AU41='Dash 1'!$B$18)),1,0) -> 1 | BA41: =IF(AND(OR('Dash 2'!$B$10="All",AC41='Dash 2'!$B$10),OR('Dash 2'!$B$12="All",AD41='Dash 2'!$B$12),OR('Dash 2'!$B$14="All",AF41='Dash 2'!$B$14),OR('Dash 2'!$B$16="All",AT41='Dash 2'!$B$16),OR('Dash 2'!$B$18="All",AU41='Dash 2'!$B$18)),1,0) -> 1
A42: 5074 | B42: 17 | C42: 0 | D42: 1 | E42: 1 | F42: 18.3 | G42: 0 | H42: 3.98 | I42: 4.37 | J42: 7.29 | K42: 5.17 | L42: 5.94 | M42: 2.69 | N42: 0 | O42: 0 | P42: 1 | Q42: 1 | R42: 0 | S42: 0 | T42: 3.12 | U42: 3.72 | V42: 1 | W42: 1 | X42: 0 | Y42: 0 | Z42: 0 | AA42: 1 | AB42: 1 | AC42: Male | AD42: African American | AE42: High School | AF42: No | AG42: No | AH42: No | AI42: Yes | AJ42: Yes | AK42: No | AL42: No | AM42: Yes | AN42: Yes | AO42: No | AP42: No | AQ42: No | AR42: Yes | AS42: Positive | AT42: 0-17 (Child) | AU42: Underweight | AV42: 0.84 | AW42: 3 | AX42: 2 | AY42: =IF(AND(OR(Overview!$B$10="All",AC42=Overview!$B$10),OR(Overview!$B$12="All",AD42=Overview!$B$12),OR(Overview!$B$14="All",AF42=Overview!$B$14),OR(Overview!$B$16="All",AT42=Overview!$B$16),OR(Overview!$B$18="All",AU42=Overview!$B$18)),1,0) -> 1 | AZ42: =IF(AND(OR('Dash 1'!$B$10="All",AC42='Dash 1'!$B$10),OR('Dash 1'!$B$12="All",AD42='Dash 1'!$B$12),OR('Dash 1'!$B$14="All",AF42='Dash 1'!$B$14),OR('Dash 1'!$B$16="All",AT42='Dash 1'!$B$16),OR('Dash 1'!$B$18="All",AU42='Dash 1'!$B$18)),1,0) -> 1 | BA42: =IF(AND(OR('Dash 2'!$B$10="All",AC42='Dash 2'!$B$10),OR('Dash 2'!$B$12="All",AD42='Dash 2'!$B$12),OR('Dash 2'!$B$14="All",AF42='Dash 2'!$B$14),OR('Dash 2'!$B$16="All",AT42='Dash 2'!$B$16),OR('Dash 2'!$B$18="All",AU42='Dash 2'!$B$18)),1,0) -> 1
A43: 5075 | B43: 62 | C43: 0 | D43: 0 | E43: 1 | F43: 30.79 | G43: 0 | H43: 5.72 | I43: 5.34 | J43: 6.37 | K43: 4.78 | L43: 3.01 | M43: 5.64 | N43: 1 | O43: 1 | P43: 1 | Q43: 0 | R43: 0 | S43: 0 | T43: 2.86 | U43: 4.26 | V43: 0 | W43: 0 | X43: 1 | Y43: 1 | Z43: 1 | AA43: 1 | AB43: 1 | AC43: Male | AD43: Caucasian | AE43: High School | AF43: No | AG43: Yes | AH43: Yes | AI43: Yes | AJ43: No | AK43: No | AL43: No | AM43: No | AN43: No | AO43: Yes | AP43: Yes | AQ43: Yes | AR43: Yes | AS43: Positive | AT43: 60+ | AU43: Obese | AV43: 0.67 | AW43: 4 | AX43: 2 | AY43: =IF(AND(OR(Overview!$B$10="All",AC43=Overview!$B$10),OR(Overview!$B$12="All",AD43=Overview!$B$12),OR(Overview!$B$14="All",AF43=Overview!$B$14),OR(Overview!$B$16="All",AT43=Overview!$B$16),OR(Overview!$B$18="All",AU43=Overview!$B$18)),1,0) -> 1 | AZ43: =IF(AND(OR('Dash 1'!$B$10="All",AC43='Dash 1'!$B$10),OR('Dash 1'!$B$12="All",AD43='Dash 1'!$B$12),OR('Dash 1'!$B$14="All",AF43='Dash 1'!$B$14),OR('Dash 1'!$B$16="All",AT43='Dash 1'!$B$16),OR('Dash 1'!$B$18="All",AU43='Dash 1'!$B$18)),1,0) -> 1 | BA43: =IF(AND(OR('Dash 2'!$B$10="All",AC43='Dash 2'!$B$10),OR('Dash 2'!$B$12="All",AD43='Dash 2'!$B$12),OR('Dash 2'!$B$14="All",AF43='Dash 2'!$B$14),OR('Dash 2'!$B$16="All",AT43='Dash 2'!$B$16),OR('Dash 2'!$B$18="All",AU43='Dash 2'!$B$18)),1,0) -> 1
A44: 5076 | B44: 58 | C44: 0 | D44: 1 | E44: 1 | F44: 21.69 | G44: 0 | H44: 1.2 | I44: 6.81 | J44: 9.63 | K44: 8.27 | L44: 0 | M44: 4.44 | N44: 0 | O44: 0 | P44: 0 | Q44: 0 | R44: 0 | S44: 0 | T44: 2.45 | U44: 3.31 | V44: 0 | W44: 0 | X44: 0 | Y44: 0 | Z44: 0 | AA44: 0 | AB44: 0 | AC44: Male | AD44: African American | AE44: High School | AF44: No | AG44: No | AH44: No | AI44: No | AJ44: No | AK44: No | AL44: No | AM44: No | AN44: No | AO44: No | AP44: No | AQ44: No | AR44: No | AS44: Negative | AT44: 45-59 | AU44: Normal | AV44: 0.74 | AW44: 0 | AX44: 0 | AY44: =IF(AND(OR(Overview!$B$10="All",AC44=Overview!$B$10),OR(Overview!$B$12="All",AD44=Overview!$B$12),OR(Overview!$B$14="All",AF44=Overview!$B$14),OR(Overview!$B$16="All",AT44=Overview!$B$16),OR(Overview!$B$18="All",AU44=Overview!$B$18)),1,0) -> 1 | AZ44: =IF(AND(OR('Dash 1'!$B$10="All",AC44='Dash 1'!$B$10),OR('Dash 1'!$B$12="All",AD44='Dash 1'!$B$12),OR('Dash 1'!$B$14="All",AF44='Dash 1'!$B$14),OR('Dash 1'!$B$16="All",AT44='Dash 1'!$B$16),OR('Dash 1'!$B$18="All",AU44='Dash 1'!$B$18)),1,0) -> 1 | BA44: =IF(AND(OR('Dash 2'!$B$10="All",AC44='Dash 2'!$B$10),OR('Dash 2'!$B$12="All",AD44='Dash 2'!$B$12),OR('Dash 2'!$B$14="All",AF44='Dash 2'!$B$14),OR('Dash 2'!$B$16="All",AT44='Dash 2'!$B$16),OR('Dash 2'!$B$18="All",AU44='Dash 2'!$B$18)),1,0) -> 1
A45: 5077 | B45: 31 | C45: 1 | D45: 3 | E45: 1 | F45: 26.66 | G45: 0 | H45: 8.22 | I45: 7.02 | J45: 6.67 | K45: 10 | L45: 6.48 | M45: 2.93 | N45: 0 | O45: 0 | P45: 0 | Q45: 0 | R45: 0 | S45: 0 | T45: 3.1 | U45: 3.91 | V45: 0 | W45: 0 | X45: 0 | Y45: 0 | Z45: 0 | AA45: 0 | AB45: 1 | AC45: Female | AD45: Other | AE45: High School | AF45: No | AG45: No | AH45: No | AI45: No | AJ45: No | AK45: No | AL45: No | AM45: No | AN45: No | AO45: No | AP45: No | AQ45: No | AR45: No | AS45: Positive | AT45: 30-44 | AU45: Overweight | AV45: 0.79 | AW45: 0 | AX45: 0 | AY45: =IF(AND(OR(Overview!$B$10="All",AC45=Overview!$B$10),OR(Overview!$B$12="All",AD45=Overview!$B$12),OR(Overview!$B$14="All",AF45=Overview!$B$14),OR(Overview!$B$16="All",AT45=Overview!$B$16),OR(Overview!$B$18="All",AU45=Overview!$B$18)),1,0) -> 1 | AZ45: =IF(AND(OR('Dash 1'!$B$10="All",AC45='Dash 1'!$B$10),OR('Dash 1'!$B$12="All",AD45='Dash 1'!$B$12),OR('Dash 1'!$B$14="All",AF45='Dash 1'!$B$14),OR('Dash 1'!$B$16="All",AT45='Dash 1'!$B$16),OR('Dash 1'!$B$18="All",AU45='Dash 1'!$B$18)),1,0) -> 1 | BA45: =IF(AND(OR('Dash 2'!$B$10="All",AC45='Dash 2'!$B$10),OR('Dash 2'!$B$12="All",AD45='Dash 2'!$B$12),OR('Dash 2'!$B$14="All",AF45='Dash 2'!$B$14),OR('Dash 2'!$B$16="All",AT45='Dash 2'!$B$16),OR('Dash 2'!$B$18="All",AU45='Dash 2'!$B$18)),1,0) -> 1
... A53: 5085 | B53: 19 | C53: 0 | D53: 0 | E53: 3 | F53: 29.27 | G53: 0 | H53: 6.71 | I53: 4.51 | J53: 9.19 | K53: 8.84 | L53: 1.51 | M53: 2.26 | N53: 0 | O53: 1 | P53: 1 | Q53: 0 | R53: 0 | S53: 1 | T53: 3.71 | U53: 4.75 | V53: 0 | W53: 0 | X53: 0 | Y53: 1 | Z53: 1 | AA53: 1 | AB53: 0 | AC53: Male | AD53: Caucasian | AE53: Higher | AF53: No | AG53: No | AH53: Yes | AI53: Yes | AJ53: No | AK53: No | AL53: Yes | AM53: No | AN53: No | AO53: No | AP53: Yes | AQ53: Yes | AR53: Yes | AS53: Negative | AT53: 18-29 | AU53: Overweight | AV53: 0.78 | AW53: 3 | AX53: 3 | AY53: =IF(AND(OR(Overview!$B$10="All",AC53=Overview!$B$10),OR(Overview!$B$12="All",AD53=Overview!$B$12),OR(Overview!$B$14="All",AF53=Overview!$B$14),OR(Overview!$B$16="All",AT53=Overview!$B$16),OR(Overview!$B$18="All",AU53=Overview!$B$18)),1,0) -> 1 | AZ53: =IF(AND(OR('Dash 1'!$B$10="All",AC53='Dash 1'!$B$10),OR('Dash 1'!$B$12="All",AD53='Dash 1'!$B$12),OR('Dash 1'!$B$14="All",AF53='Dash 1'!$B$14),OR('Dash 1'!$B$16="All",AT53='Dash 1'!$B$16),OR('Dash 1'!$B$18="All",AU53='Dash 1'!$B$18)),1,0) -> 1 | BA53: =IF(AND(OR('Dash 2'!$B$10="All",AC53='Dash 2'!$B$10),OR('Dash 2'!$B$12="All",AD53='Dash 2'!$B$12),OR('Dash 2'!$B$14="All",AF53='Dash 2'!$B$14),OR('Dash 2'!$B$16="All",AT53='Dash 2'!$B$16),OR('Dash 2'!$B$18="All",AU53='Dash 2'!$B$18)),1,0) -> 1
A54: 5086 | B54: 32 | C54: 1 | D54: 0 | E54: 0 | F54: 19.35 | G54: 0 | H54: 7.81 | I54: 4.48 | J54: 6.01 | K54: 3.26 | L54: 10 | M54: 4.92 | N54: 0 | O54: 0 | P54: 0 | Q54: 0 | R54: 0 | S54: 1 | T54: 3.32 | U54: 3.82 | V54: 0 | W54: 0 | X54: 0 | Y54: 0 | Z54: 0 | AA54: 0 | AB54: 0 | AC54: Female | AD54: Caucasian | AF54: No | AG54: No | AH54: No | AI54: No | AJ54: No | AK54: No | AL54: Yes | AM54: No | AN54: No | AO54: No | AP54: No | AQ54: No | AR54: No | AS54: Negative | AT54: 30-44 | AU54: Normal | AV54: 0.87 | AW54: 0 | AX54: 1 | AY54: =IF(AND(OR(Overview!$B$10="All",AC54=Overview!$B$10),OR(Overview!$B$12="All",AD54=Overview!$B$12),OR(Overview!$B$14="All",AF54=Overview!$B$14),OR(Overview!$B$16="All",AT54=Overview!$B$16),OR(Overview!$B$18="All",AU54=Overview!$B$18)),1,0) -> 1 | AZ54: =IF(AND(OR('Dash 1'!$B$10="All",AC54='Dash 1'!$B$10),OR('Dash 1'!$B$12="All",AD54='Dash 1'!$B$12),OR('Dash 1'!$B$14="All",AF54='Dash 1'!$B$14),OR('Dash 1'!$B$16="All",AT54='Dash 1'!$B$16),OR('Dash 1'!$B$18="All",AU54='Dash 1'!$B$18)),1,0) -> 1 | BA54: =IF(AND(OR('Dash 2'!$B$10="All",AC54='Dash 2'!$B$10),OR('Dash 2'!$B$12="All",AD54='Dash 2'!$B$12),OR('Dash 2'!$B$14="All",AF54='Dash 2'!$B$14),OR('Dash 2'!$B$16="All",AT54='Dash 2'!$B$16),OR('Dash 2'!$B$18="All",AU54='Dash 2'!$B$18)),1,0) -> 1
A55: 5087 | B55: 40 | C55: 1 | D55: 1 | E55: 0 | F55: 17.97 | G55: 1 | H55: 3.74 | I55: 4.86 | J55: 7.43 | K55: 4.4 | L55: 7.33 | M55: 4.9 | N55: 0 | O55: 0 | P55: 0 | Q55: 1 | R55: 0 | S55: 0 | T55: 2.45 | U55: 3.22 | V55: 0 | W55: 0 | X55: 0 | Y55: 1 | Z55: 0 | AA55: 1 | AB55: 0 | AC55: Female | AD55: African American | AF55: Yes | AG55: No | AH55: No | AI55: No | AJ55: Yes | AK55: No | AL55: No | AM55: No | AN55: No | AO55: No | AP55: Yes | AQ55: No | AR55: Yes | AS55: Negative | AT55: 30-44 | AU55: Underweight | AV55: 0.76 | AW55: 2 | AX55: 1 | AY55: =IF(AND(OR(Overview!$B$10="All",AC55=Overview!$B$10),OR(Overview!$B$12="All",AD55=Overview!$B$12),OR(Overview!$B$14="All",AF55=Overview!$B$14),OR(Overview!$B$16="All",AT55=Overview!$B$16),OR(Overview!$B$18="All",AU55=Overview!$B$18)),1,0) -> 1 | AZ55: =IF(AND(OR('Dash 1'!$B$10="All",AC55='Dash 1'!$B$10),OR('Dash 1'!$B$12="All",AD55='Dash 1'!$B$12),OR('Dash 1'!$B$14="All",AF55='Dash 1'!$B$14),OR('Dash 1'!$B$16="All",AT55='Dash 1'!$B$16),OR('Dash 1'!$B$18="All",AU55='Dash 1'!$B$18)),1,0) -> 1 | BA55: =IF(AND(OR('Dash 2'!$B$10="All",AC55='Dash 2'!$B$10),OR('Dash 2'!$B$12="All",AD55='Dash 2'!$B$12),OR('Dash 2'!$B$14="All",AF55='Dash 2'!$B$14),OR('Dash 2'!$B$16="All",AT55='Dash 2'!$B$16),OR('Dash 2'!$B$18="All",AU55='Dash 2'!$B$18)),1,0) -> 1
A56: 5088 | B56: 42 | C56: 1 | D56: 0 | E56: 1 | F56: 24.86 | G56: 0 | H56: 4.33 | I56: 4.74 | J56: 5.77 | K56: 4.45 | L56: 1.84 | M56: 3.96 | N56: 1 | O56: 0 | P56: 0 | Q56: 0 | R56: 0 | S56: 0 | T56: 3.42 | U56: 4.8 | V56: 0 | W56: 0 | X56: 1 | Y56: 0 | Z56: 0 | AA56: 0 | AB56: 0 | AC56: Female | AD56: Caucasian | AE56: High School | AF56: No | AG56: Yes | AH56: No | AI56: No | AJ56: No | AK56: No | AL56: No | AM56: No | AN56: No | AO56: Yes | AP56: No | AQ56: No | AR56: No | AS56: Negative | AT56: 30-44 | AU56: Normal | AV56: 0.71 | AW56: 1 | AX56: 0 | AY56: =IF(AND(OR(Overview!$B$10="All",AC56=Overview!$B$10),OR(Overview!$B$12="All",AD56=Overview!$B$12),OR(Overview!$B$14="All",AF56=Overview!$B$14),OR(Overview!$B$16="All",AT56=Overview!$B$16),OR(Overview!$B$18="All",AU56=Overview!$B$18)),1,0) -> 1 | AZ56: =IF(AND(OR('Dash 1'!$B$10="All",AC56='Dash 1'!$B$10),OR('Dash 1'!$B$12="All",AD56='Dash 1'!$B$12),OR('Dash 1'!$B$14="All",AF56='Dash 1'!$B$14),OR('Dash 1'!$B$16="All",AT56='Dash 1'!$B$16),OR('Dash 1'!$B$18="All",AU56='Dash 1'!$B$18)),1,0) -> 1 | BA56: =IF(AND(OR('Dash 2'!$B$10="All",AC56='Dash 2'!$B$10),OR('Dash 2'!$B$12="All",AD56='Dash 2'!$B$12),OR('Dash 2'!$B$14="All",AF56='Dash 2'!$B$14),OR('Dash 2'!$B$16="All",AT56='Dash 2'!$B$16),OR('Dash 2'!$B$18="All",AU56='Dash 2'!$B$18)),1,0) -> 1
A57: 5089 | B57: 8 | C57: 1 | D57: 0 | E57: 1 | F57: 18.16 | G57: 0 | H57: 5.96 | I57: 8.16 | J57: 8.31 | K57: 3.04 | L57: 1.07 | M57: 2.77 | N57: 0 | O57: 0 | P57: 0 | Q57: 0 | R57: 0 | S57: 0 | T57: 3.4 | U57: 4.03 | V57: 0 | W57: 0 | X57: 0 | Y57: 0 | Z57: 0 | AA57: 0 | AB57: 0 | AC57: Female | AD57: Caucasian | AE57: High School | AF57: No | AG57: No | AH57: No | AI57: No | AJ57: No | AK57: No | AL57: No | AM57: No | AN57: No | AO57: No | AP57: No | AQ57: No | AR57: No | AS57: Negative | AT57: 0-17 (Child) | AU57: Underweight | AV57: 0.84 | AW57: 0 | AX57: 0 | AY57: =IF(AND(OR(Overview!$B$10="All",AC57=Overview!$B$10),OR(Overview!$B$12="All",AD57=Overview!$B$12),OR(Overview!$B$14="All",AF57=Overview!$B$14),OR(Overview!$B$16="All",AT57=Overview!$B$16),OR(Overview!$B$18="All",AU57=Overview!$B$18)),1,0) -> 1 | AZ57: =IF(AND(OR('Dash 1'!$B$10="All",AC57='Dash 1'!$B$10),OR('Dash 1'!$B$12="All",AD57='Dash 1'!$B$12),OR('Dash 1'!$B$14="All",AF57='Dash 1'!$B$14),OR('Dash 1'!$B$16="All",AT57='Dash 1'!$B$16),OR('Dash 1'!$B$18="All",AU57='Dash 1'!$B$18)),1,0) -> 1 | BA57: =IF(AND(OR('Dash 2'!$B$10="All",AC57='Dash 2'!$B$10),OR('Dash 2'!$B$12="All",AD57='Dash 2'!$B$12),OR('Dash 2'!$B$14="All",AF57='Dash 2'!$B$14),OR('Dash 2'!$B$16="All",AT57='Dash 2'!$B$16),OR('Dash 2'!$B$18="All",AU57='Dash 2'!$B$18)),1,0) -> 1
A58: 5090 | B58: 46 | C58: 1 | D58: 1 | E58: 3 | F58: 33.59 | G58: 0 | H58: 4.96 | I58: 7.46 | J58: 6.11 | K58: 5.6 | L58: 5.52 | M58: 4.02 | N58: 1 | O58: 0 | P58: 1 | Q58: 0 | R58: 0 | S58: 0 | T58: 4 | U58: 4.52 | V58: 0 | W58: 1 | X58: 0 | Y58: 0 | Z58: 1 | AA58: 1 | AB58: 0 | AC58: Female | AD58: African American | AE58: Higher | AF58: No | AG58: Yes | AH58: No | AI58: Yes | AJ58: No | AK58: No | AL58: No | AM58: No | AN58: Yes | AO58: No | AP58: No | AQ58: Yes | AR58: Yes | AS58: Negative | AT58: 45-59 | AU58: Obese | AV58: 0.88 | AW58: 3 | AX58: 1 | AY58: =IF(AND(OR(Overview!$B$10="All",AC58=Overview!$B$10),OR(Overview!$B$12="All",AD58=Overview!$B$12),OR(Overview!$B$14="All",AF58=Overview!$B$14),OR(Overview!$B$16="All",AT58=Overview!$B$16),OR(Overview!$B$18="All",AU58=Overview!$B$18)),1,0) -> 1 | AZ58: =IF(AND(OR('Dash 1'!$B$10="All",AC58='Dash 1'!$B$10),OR('Dash 1'!$B$12="All",AD58='Dash 1'!$B$12),OR('Dash 1'!$B$14="All",AF58='Dash 1'!$B$14),OR('Dash 1'!$B$16="All",AT58='Dash 1'!$B$16),OR('Dash 1'!$B$18="All",AU58='Dash 1'!$B$18)),1,0) -> 1 | BA58: =IF(AND(OR('Dash 2'!$B$10="All",AC58='Dash 2'!$B$10),OR('Dash 2'!$B$12="All",AD58='Dash 2'!$B$12),OR('Dash 2'!$B$14="All",AF58='Dash 2'!$B$14),OR('Dash 2'!$B$16="All",AT58='Dash 2'!$B$16),OR('Dash 2'!$B$18="All",AU58='Dash 2'!$B$18)),1,0) -> 1
A59: 5091 | B59: 16 | C59: 0 | D59: 1 | E59: 1 | F59: 18.35 | G59: 0 | H59: 2.62 | I59: 5.21 | J59: 5.75 | K59: 4.89 | L59: 2.14 | M59: 3.83 | N59: 0 | O59: 0 | P59: 0 | Q59: 0 | R59: 0 | S59: 0 | T59: 3.08 | U59: 4.23 | V59: 1 | W59: 1 | X59: 1 | Y59: 0 | Z59: 0 | AA59: 1 | AB59: 1 | AC59: Male | AD59: African American | AE59: High School | AF59: No | AG59: No | AH59: No | AI59: No | AJ59: No | AK59: No | AL59: No | AM59: Yes | AN59: Yes | AO59: Yes | AP59: No | AQ59: No | AR59: Yes | AS59: Positive | AT59: 0-17 (Child) | AU59: Underweight | AV59: 0.73 | AW59: 4 | AX59: 0 | AY59: =IF(AND(OR(Overview!$B$10="All",AC59=Overview!$B$10),OR(Overview!$B$12="All",AD59=Overview!$B$12),OR(Overview!$B$14="All",AF59=Overview!$B$14),OR(Overview!$B$16="All",AT59=Overview!$B$16),OR(Overview!$B$18="All",AU59=Overview!$B$18)),1,0) -> 1 | AZ59: =IF(AND(OR('Dash 1'!$B$10="All",AC59='Dash 1'!$B$10),OR('Dash 1'!$B$12="All",AD59='Dash 1'!$B$12),OR('Dash 1'!$B$14="All",AF59='Dash 1'!$B$14),OR('Dash 1'!$B$16="All",AT59='Dash 1'!$B$16),OR('Dash 1'!$B$18="All",AU59='Dash 1'!$B$18)),1,0) -> 1 | BA59: =IF(AND(OR('Dash 2'!$B$10="All",AC59='Dash 2'!$B$10),OR('Dash 2'!$B$12="All",AD59='Dash 2'!$B$12),OR('Dash 2'!$B$14="All",AF59='Dash 2'!$B$14),OR('Dash 2'!$B$16="All",AT59='Dash 2'!$B$16),OR('Dash 2'!$B$18="All",AU59='Dash 2'!$B$18)),1,0) -> 1
A60: 5092 | B60: 61 | C60: 1 | D60: 1 | E60: 1 | F60: 20.81 | G60: 0 | H60: 3.56 | I60: 6.64 | J60: 6.07 | K60: 3.21 | L60: 4.21 | M60: 3.48 | N60: 0 | O60: 0 | P60: 1 | Q60: 1 | R60: 0 | S60: 0 | T60: 2.43 | U60: 2.82 | V60: 1 | W60: 0 | X60: 0 | Y60: 0 | Z60: 1 | AA60: 0 | AB60: 1 | AC60: Female | AD60: African American | AE60: High School | AF60: No | AG60: No | AH60: No | AI60: Yes | AJ60: Yes | AK60: No | AL60: No | AM60: Yes | AN60: No | AO60: No | AP60: No | AQ60: Yes | AR60: No | AS60: Positive | AT60: 60+ | AU60: Normal | AV60: 0.86 | AW60: 2 | AX60: 2 | AY60: =IF(AND(OR(Overview!$B$10="All",AC60=Overview!$B$10),OR(Overview!$B$12="All",AD60=Overview!$B$12),OR(Overview!$B$14="All",AF60=Overview!$B$14),OR(Overview!$B$16="All",AT60=Overview!$B$16),OR(Overview!$B$18="All",AU60=Overview!$B$18)),1,0) -> 1 | AZ60: =IF(AND(OR('Dash 1'!$B$10="All",AC60='Dash 1'!$B$10),OR('Dash 1'!$B$12="All",AD60='Dash 1'!$B$12),OR('Dash 1'!$B$14="All",AF60='Dash 1'!$B$14),OR('Dash 1'!$B$16="All",AT60='Dash 1'!$B$16),OR('Dash 1'!$B$18="All",AU60='Dash 1'!$B$18)),1,0) -> 1 | BA60: =IF(AND(OR('Dash 2'!$B$10="All",AC60='Dash 2'!$B$10),OR('Dash 2'!$B$12="All",AD60='Dash 2'!$B$12),OR('Dash 2'!$B$14="All",AF60='Dash 2'!$B$14),OR('Dash 2'!$B$16="All",AT60='Dash 2'!$B$16),OR('Dash 2'!$B$18="All",AU60='Dash 2'!$B$18)),1,0) -> 1
A61: 5093 | B61: 56 | C61: 1 | D61: 1 | E61: 1 | F61: 28.07 | G61: 0 | H61: 4.35 | I61: 7.05 | J61: 6.28 | K61: 5.37 | L61: 4.88 | M61: 5.69 | N61: 0 | O61: 0 | P61: 0 | Q61: 0 | R61: 0 | S61: 0 | T61: 3.97 | U61: 4.69 | V61: 0 | W61: 0 | X61: 0 | Y61: 0 | Z61: 0 | AA61: 0 | AB61: 0 | AC61: Female | AD61: African American | AE61: High School | AF61: No | AG61: No | AH61: No | AI61: No | AJ61: No | AK61: No | AL61: No | AM61: No | AN61: No | AO61: No | AP61: No | AQ61: No | AR61: No | AS61: Negative | AT61: 45-59 | AU61: Overweight | AV61: 0.85 | AW61: 0 | AX61: 0 | AY61: =IF(AND(OR(Overview!$B$10="All",AC61=Overview!$B$10),OR(Overview!$B$12="All",AD61=Overview!$B$12),OR(Overview!$B$14="All",AF61=Overview!$B$14),OR(Overview!$B$16="All",AT61=Overview!$B$16),OR(Overview!$B$18="All",AU61=Overview!$B$18)),1,0) -> 1 | AZ61: =IF(AND(OR('Dash 1'!$B$10="All",AC61='Dash 1'!$B$10),OR('Dash 1'!$B$12="All",AD61='Dash 1'!$B$12),OR('Dash 1'!$B$14="All",AF61='Dash 1'!$B$14),OR('Dash 1'!$B$16="All",AT61='Dash 1'!$B$16),OR('Dash 1'!$B$18="All",AU61='Dash 1'!$B$18)),1,0) -> 1 | BA61: =IF(AND(OR('Dash 2'!$B$10="All",AC61='Dash 2'!$B$10),OR('Dash 2'!$B$12="All",AD61='Dash 2'!$B$12),OR('Dash 2'!$B$14="All",AF61='Dash 2'!$B$14),OR('Dash 2'!$B$16="All",AT61='Dash 2'!$B$16),OR('Dash 2'!$B$18="All",AU61='Dash 2'!$B$18)),1,0) -> 1
A62: 5094 | B62: 75 | C62: 0 | D62: 1 | E62: 1 | F62: 23.07 | G62: 0 | H62: 5.55 | I62: 5.7 | J62: 7.53 | K62: 4.92 | L62: 4.77 | M62: 10 | N62: 0 | O62: 0 | P62: 0 | Q62: 0 | R62: 0 | S62: 0 | T62: 3.33 | U62: 4.45 | V62: 1 | W62: 0 | X62: 1 | Y62: 0 | Z62: 1 | AA62: 0 | AB62: 1 | AC62: Male | AD62: African American | AE62: High School | AF62: No | AG62: No | AH62: No | AI62: No | AJ62: No | AK62: No | AL62: No | AM62: Yes | AN62: No | AO62: Yes | AP62: No | AQ62: Yes | AR62: No | AS62: Positive | AT62: 60+ | AU62: Normal | AV62: 0.75 | AW62: 3 | AX62: 0 | AY62: =IF(AND(OR(Overview!$B$10="All",AC62=Overview!$B$10),OR(Overview!$B$12="All",AD62=Overview!$B$12),OR(Overview!$B$14="All",AF62=Overview!$B$14),OR(Overview!$B$16="All",AT62=Overview!$B$16),OR(Overview!$B$18="All",AU62=Overview!$B$18)),1,0) -> 1 | AZ62: =IF(AND(OR('Dash 1'!$B$10="All",AC62='Dash 1'!$B$10),OR('Dash 1'!$B$12="All",AD62='Dash 1'!$B$12),OR('Dash 1'!$B$14="All",AF62='Dash 1'!$B$14),OR('Dash 1'!$B$16="All",AT62='Dash 1'!$B$16),OR('Dash 1'!$B$18="All",AU62='Dash 1'!$B$18)),1,0) -> 1 | BA62: =IF(AND(OR('Dash 2'!$B$10="All",AC62='Dash 2'!$B$10),OR('Dash 2'!$B$12="All",AD62='Dash 2'!$B$12),OR('Dash 2'!$B$14="All",AF62='Dash 2'!$B$14),OR('Dash 2'!$B$16="All",AT62='Dash 2'!$B$16),OR('Dash 2'!$B$18="All",AU62='Dash 2'!$B$18)),1,0) -> 1
A63: 5095 | B63: 61 | C63: 0 | D63: 2 | E63: 1 | F63: 18.41 | G63: 0 | H63: 5.02 | I63: 6.31 | J63: 7.09 | K63: 7.32 | L63: 7.82 | M63: 8.33 | N63: 0 | O63: 0 | P63: 0 | Q63: 0 | R63: 0 | S63: 0 | T63: 3.33 | U63: 4.36 | V63: 0 | W63: 1 | X63: 0 | Y63: 1 | Z63: 0 | AA63: 0 | AB63: 1 | AC63: Male | AD63: Asian | AE63: High School | AF63: No | AG63: No | AH63: No | AI63: No | AJ63: No | AK63: No | AL63: No | AM63: No | AN63: Yes | AO63: No | AP63: Yes | AQ63: No | AR63: No | AS63: Positive | AT63: 60+ | AU63: Underweight | AV63: 0.76 | AW63: 2 | AX63: 0 | AY63: =IF(AND(OR(Overview!$B$10="All",AC63=Overview!$B$10),OR(Overview!$B$12="All",AD63=Overview!$B$12),OR(Overview!$B$14="All",AF63=Overview!$B$14),OR(Overview!$B$16="All",AT63=Overview!$B$16),OR(Overview!$B$18="All",AU63=Overview!$B$18)),1,0) -> 1 | AZ63: =IF(AND(OR('Dash 1'!$B$10="All",AC63='Dash 1'!$B$10),OR('Dash 1'!$B$12="All",AD63='Dash 1'!$B$12),OR('Dash 1'!$B$14="All",AF63='Dash 1'!$B$14),OR('Dash 1'!$B$16="All",AT63='Dash 1'!$B$16),OR('Dash 1'!$B$18="All",AU63='Dash 1'!$B$18)),1,0) -> 1 | BA63: =IF(AND(OR('Dash 2'!$B$10="All",AC63='Dash 2'!$B$10),OR('Dash 2'!$B$12="All",AD63='Dash 2'!$B$12),OR('Dash 2'!$B$14="All",AF63='Dash 2'!$B$14),OR('Dash 2'!$B$16="All",AT63='Dash 2'!$B$16),OR('Dash 2'!$B$18="All",AU63='Dash 2'!$B$18)),1,0) -> 1
A64: 5096 | B64: 32 | C64: 1 | D64: 1 | E64: 1 | F64: 36.2 | G64: 0 | H64: 5.46 | I64: 6.76 | J64: 5.58 | K64: 1.65 | L64: 9.59 | M64: 9.85 | N64: 0 | O64: 0 | P64: 0 | Q64: 0 | R64: 0 | S64: 0 | T64: 3 | U64: 4.01 | V64: 1 | W64: 1 | X64: 0 | Y64: 1 | Z64: 0 | AA64: 0 | AB64: 1 | AC64: Female | AD64: African American | AE64: High School | AF64: No | AG64: No | AH64: No | AI64: No | AJ64: No | AK64: No | AL64: No | AM64: Yes | AN64: Yes | AO64: No | AP64: Yes | AQ64: No | AR64: No | AS64: Positive | AT64: 30-44 | AU64: Obese | AV64: 0.75 | AW64: 3 | AX64: 0 | AY64: =IF(AND(OR(Overview!$B$10="All",AC64=Overview!$B$10),OR(Overview!$B$12="All",AD64=Overview!$B$12),OR(Overview!$B$14="All",AF64=Overview!$B$14),OR(Overview!$B$16="All",AT64=Overview!$B$16),OR(Overview!$B$18="All",AU64=Overview!$B$18)),1,0) -> 1 | AZ64: =IF(AND(OR('Dash 1'!$B$10="All",AC64='Dash 1'!$B$10),OR('Dash 1'!$B$12="All",AD64='Dash 1'!$B$12),OR('Dash 1'!$B$14="All",AF64='Dash 1'!$B$14),OR('Dash 1'!$B$16="All",AT64='Dash 1'!$B$16),OR('Dash 1'!$B$18="All",AU64='Dash 1'!$B$18)),1,0) -> 1 | BA64: =IF(AND(OR('Dash 2'!$B$10="All",AC64='Dash 2'!$B$10),OR('Dash 2'!$B$12="All",AD64='Dash 2'!$B$12),OR('Dash 2'!$B$14="All",AF64='Dash 2'!$B$14),OR('Dash 2'!$B$16="All",AT64='Dash 2'!$B$16),OR('Dash 2'!$B$18="All",AU64='Dash 2'!$B$18)),1,0) -> 1
A65: 5097 | B65: 78 | C65: 0 | D65: 0 | E65: 2 | F65: 21.99 | G65: 1 | H65: 0.45 | I65: 5.79 | J65: 6.56 | K65: 2.99 | L65: 3.8 | M65: 3.58 | N65: 0 | O65: 0 | P65: 1 | Q65: 0 | R65: 0 | S65: 0 | T65: 3.11 | U65: 3.92 | V65: 0 | W65: 0 | X65: 0 | Y65: 1 | Z65: 1 | AA65: 0 | AB65: 1 | AC65: Male | AD65: Caucasian | AE65: Bachelor's | AF65: Yes | AG65: No | AH65: No | AI65: Yes | AJ65: No | AK65: No | AL65: No | AM65: No | AN65: No | AO65: No | AP65: Yes | AQ65: Yes | AR65: No | AS65: Positive | AT65: 60+ | AU65: Normal | AV65: 0.79 | AW65: 2 | AX65: 1 | AY65: =IF(AND(OR(Overview!$B$10="All",AC65=Overview!$B$10),OR(Overview!$B$12="All",AD65=Overview!$B$12),OR(Overview!$B$14="All",AF65=Overview!$B$14),OR(Overview!$B$16="All",AT65=Overview!$B$16),OR(Overview!$B$18="All",AU65=Overview!$B$18)),1,0) -> 1 | AZ65: =IF(AND(OR('Dash 1'!$B$10="All",AC65='Dash 1'!$B$10),OR('Dash 1'!$B$12="All",AD65='Dash 1'!$B$12),OR('Dash 1'!$B$14="All",AF65='Dash 1'!$B$14),OR('Dash 1'!$B$16="All",AT65='Dash 1'!$B$16),OR('Dash 1'!$B$18="All",AU65='Dash 1'!$B$18)),1,0) -> 1 | BA65: =IF(AND(OR('Dash 2'!$B$10="All",AC65='Dash 2'!$B$10),OR('Dash 2'!$B$12="All",AD65='Dash 2'!$B$12),OR('Dash 2'!$B$14="All",AF65='Dash 2'!$B$14),OR('Dash 2'!$B$16="All",AT65='Dash 2'!$B$16),OR('Dash 2'!$B$18="All",AU65='Dash 2'!$B$18)),1,0) -> 1
A66: 5098 | B66: 36 | C66: 1 | D66: 1 | E66: 1 | F66: 25.02 | G66: 0 | H66: 6.46 | I66: 4.16 | J66: 5.51 | K66: 6.81 | L66: 2.17 | M66: 9.19 | N66: 0 | O66: 0 | P66: 0 | Q66: 1 | R66: 0 | S66: 0 | T66: 3.2 | U66: 4 | V66: 1 | W66: 0 | X66: 0 | Y66: 0 | Z66: 0 | AA66: 1 | AB66: 1 | AC66: Female | AD66: African American | AE66: High School | AF66: No | AG66: No | AH66: No | AI66: No | AJ66: Yes | AK66: No | AL66: No | AM66: Yes | AN66: No | AO66: No | AP66: No | AQ66: No | AR66: Yes | AS66: Positive | AT66: 30-44 | AU66: Overweight | AV66: 0.8 | AW66: 2 | AX66: 1 | AY66: =IF(AND(OR(Overview!$B$10="All",AC66=Overview!$B$10),OR(Overview!$B$12="All",AD66=Overview!$B$12),OR(Overview!$B$14="All",AF66=Overview!$B$14),OR(Overview!$B$16="All",AT66=Overview!$B$16),OR(Overview!$B$18="All",AU66=Overview!$B$18)),1,0) -> 1 | AZ66: =IF(AND(OR('Dash 1'!$B$10="All",AC66='Dash 1'!$B$10),OR('Dash 1'!$B$12="All",AD66='Dash 1'!$B$12),OR('Dash 1'!$B$14="All",AF66='Dash 1'!$B$14),OR('Dash 1'!$B$16="All",AT66='Dash 1'!$B$16),OR('Dash 1'!$B$18="All",AU66='Dash 1'!$B$18)),1,0) -> 1 | BA66: =IF(AND(OR('Dash 2'!$B$10="All",AC66='Dash 2'!$B$10),OR('Dash 2'!$B$12="All",AD66='Dash 2'!$B$12),OR('Dash 2'!$B$14="All",AF66='Dash 2'!$B$14),OR('Dash 2'!$B$16="All",AT66='Dash 2'!$B$16),OR('Dash 2'!$B$18="All",AU66='Dash 2'!$B$18)),1,0) -> 1
A67: 5099 | B67: 29 | C67: 1 | D67: 0 | E67: 2 | F67: 24.95 | G67: 0 | H67: 5.01 | I67: 4.15 | J67: 7.84 | K67: 3.4 | L67: 5.97 | M67: 5.57 | N67: 0 | O67: 0 | P67: 0 | Q67: 0 | R67: 0 | S67: 0 | T67: 2.66 | U67: 3.17 | V67: 0 | W67: 0 | X67: 1 | Y67: 1 | Z67: 0 | AA67: 1 | AB67: 0 | AC67: Female | AD67: Caucasian | AE67: Bachelor's | AF67: No | AG67: No | AH67: No | AI67: No | AJ67: No | AK67: No | AL67: No | AM67: No | AN67: No | AO67: Yes | AP67: Yes | AQ67: No | AR67: Yes | AS67: Negative | AT67: 18-29 | AU67: Normal | AV67: 0.84 | AW67: 3 | AX67: 0 | AY67: =IF(AND(OR(Overview!$B$10="All",AC67=Overview!$B$10),OR(Overview!$B$12="All",AD67=Overview!$B$12),OR(Overview!$B$14="All",AF67=Overview!$B$14),OR(Overview!$B$16="All",AT67=Overview!$B$16),OR(Overview!$B$18="All",AU67=Overview!$B$18)),1,0) -> 1 | AZ67: =IF(AND(OR('Dash 1'!$B$10="All",AC67='Dash 1'!$B$10),OR('Dash 1'!$B$12="All",AD67='Dash 1'!$B$12),OR('Dash 1'!$B$14="All",AF67='Dash 1'!$B$14),OR('Dash 1'!$B$16="All",AT67='Dash 1'!$B$16),OR('Dash 1'!$B$18="All",AU67='Dash 1'!$B$18)),1,0) -> 1 | BA67: =IF(AND(OR('Dash 2'!$B$10="All",AC67='Dash 2'!$B$10),OR('Dash 2'!$B$12="All",AD67='Dash 2'!$B$12),OR('Dash 2'!$B$14="All",AF67='Dash 2'!$B$14),OR('Dash 2'!$B$16="All",AT67='Dash 2'!$B$16),OR('Dash 2'!$B$18="All",AU67='Dash 2'!$B$18)),1,0) -> 1
... A71: 5103 | B71: 40 | C71: 0 | D71: 1 | E71: 1 | F71: 25.37 | G71: 1 | H71: 10 | I71: 7.6 | J71: 8.88 | K71: 4.76 | L71: 2.91 | M71: 6.8 | N71: 0 | O71: 0 | P71: 0 | Q71: 0 | R71: 0 | S71: 0 | T71: 3.03 | U71: 3.56 | V71: 1 | W71: 0 | X71: 0 | Y71: 1 | Z71: 1 | AA71: 0 | AB71: 0 | AC71: Male | AD71: African American | AE71: High School | AF71: Yes | AG71: No | AH71: No | AI71: No | AJ71: No | AK71: No | AL71: No | AM71: Yes | AN71: No | AO71: No | AP71: Yes | AQ71: Yes | AR71: No | AS71: Negative | AT71: 30-44 | AU71: Overweight | AV71: 0.85 | AW71: 3 | AX71: 0 | AY71: =IF(AND(OR(Overview!$B$10="All",AC71=Overview!$B$10),OR(Overview!$B$12="All",AD71=Overview!$B$12),OR(Overview!$B$14="All",AF71=Overview!$B$14),OR(Overview!$B$16="All",AT71=Overview!$B$16),OR(Overview!$B$18="All",AU71=Overview!$B$18)),1,0) -> 1 | AZ71: =IF(AND(OR('Dash 1'!$B$10="All",AC71='Dash 1'!$B$10),OR('Dash 1'!$B$12="All",AD71='Dash 1'!$B$12),OR('Dash 1'!$B$14="All",AF71='Dash 1'!$B$14),OR('Dash 1'!$B$16="All",AT71='Dash 1'!$B$16),OR('Dash 1'!$B$18="All",AU71='Dash 1'!$B$18)),1,0) -> 1 | BA71: =IF(AND(OR('Dash 2'!$B$10="All",AC71='Dash 2'!$B$10),OR('Dash 2'!$B$12="All",AD71='Dash 2'!$B$12),OR('Dash 2'!$B$14="All",AF71='Dash 2'!$B$14),OR('Dash 2'!$B$16="All",AT71='Dash 2'!$B$16),OR('Dash 2'!$B$18="All",AU71='Dash 2'!$B$18)),1,0) -> 1
A72: 5104 | B72: 65 | C72: 0 | D72: 0 | E72: 0 | F72: 25.87 | G72: 1 | H72: 4.23 | I72: 6.08 | J72: 6.4 | K72: 4.48 | L72: 5.05 | M72: 6.21 | N72: 0 | O72: 1 | P72: 0 | Q72: 0 | R72: 0 | S72: 0 | T72: 2.52 | U72: 3.32 | V72: 0 | W72: 0 | X72: 0 | Y72: 1 | Z72: 1 | AA72: 1 | AB72: 1 | AC72: Male | AD72: Caucasian | AF72: Yes | AG72: No | AH72: Yes | AI72: No | AJ72: No | AK72: No | AL72: No | AM72: No | AN72: No | AO72: No | AP72: Yes | AQ72: Yes | AR72: Yes | AS72: Positive | AT72: 60+ | AU72: Overweight | AV72: 0.76 | AW72: 3 | AX72: 1 | AY72: =IF(AND(OR(Overview!$B$10="All",AC72=Overview!$B$10),OR(Overview!$B$12="All",AD72=Overview!$B$12),OR(Overview!$B$14="All",AF72=Overview!$B$14),OR(Overview!$B$16="All",AT72=Overview!$B$16),OR(Overview!$B$18="All",AU72=Overview!$B$18)),1,0) -> 1 | AZ72: =IF(AND(OR('Dash 1'!$B$10="All",AC72='Dash 1'!$B$10),OR('Dash 1'!$B$12="All",AD72='Dash 1'!$B$12),OR('Dash 1'!$B$14="All",AF72='Dash 1'!$B$14),OR('Dash 1'!$B$16="All",AT72='Dash 1'!$B$16),OR('Dash 1'!$B$18="All",AU72='Dash 1'!$B$18)),1,0) -> 1 | BA72: =IF(AND(OR('Dash 2'!$B$10="All",AC72='Dash 2'!$B$10),OR('Dash 2'!$B$12="All",AD72='Dash 2'!$B$12),OR('Dash 2'!$B$14="All",AF72='Dash 2'!$B$14),OR('Dash 2'!$B$16="All",AT72='Dash 2'!$B$16),OR('Dash 2'!$B$18="All",AU72='Dash 2'!$B$18)),1,0) -> 1
A73: 5105 | B73: 19 | C73: 1 | D73: 1 | E73: 3 | F73: 29.74 | G73: 0 | H73: 4.85 | I73: 2.8 | J73: 5.77 | K73: 2.43 | L73: 2.1 | M73: 0.58 | N73: 1 | O73: 0 | P73: 1 | Q73: 1 | R73: 1 | S73: 1 | T73: 2.49 | U73: 3.31 | V73: 1 | W73: 0 | X73: 0 | Y73: 1 | Z73: 1 | AA73: 1 | AB73: 0 | AC73: Female | AD73: African American | AE73: Higher | AF73: No | AG73: Yes | AH73: No | AI73: Yes | AJ73: Yes | AK73: Yes | AL73: Yes | AM73: Yes | AN73: No | AO73: No | AP73: Yes | AQ73: Yes | AR73: Yes | AS73: Negative | AT73: 18-29 | AU73: Overweight | AV73: 0.75 | AW73: 4 | AX73: 4 | AY73: =IF(AND(OR(Overview!$B$10="All",AC73=Overview!$B$10),OR(Overview!$B$12="All",AD73=Overview!$B$12),OR(Overview!$B$14="All",AF73=Overview!$B$14),OR(Overview!$B$16="All",AT73=Overview!$B$16),OR(Overview!$B$18="All",AU73=Overview!$B$18)),1,0) -> 1 | AZ73: =IF(AND(OR('Dash 1'!$B$10="All",AC73='Dash 1'!$B$10),OR('Dash 1'!$B$12="All",AD73='Dash 1'!$B$12),OR('Dash 1'!$B$14="All",AF73='Dash 1'!$B$14),OR('Dash 1'!$B$16="All",AT73='Dash 1'!$B$16),OR('Dash 1'!$B$18="All",AU73='Dash 1'!$B$18)),1,0) -> 1 | BA73: =IF(AND(OR('Dash 2'!$B$10="All",AC73='Dash 2'!$B$10),OR('Dash 2'!$B$12="All",AD73='Dash 2'!$B$12),OR('Dash 2'!$B$14="All",AF73='Dash 2'!$B$14),OR('Dash 2'!$B$16="All",AT73='Dash 2'!$B$16),OR('Dash 2'!$B$18="All",AU73='Dash 2'!$B$18)),1,0) -> 1
A74: 5106 | B74: 40 | C74: 0 | D74: 0 | E74: 2 | F74: 20.16 | G74: 0 | H74: 2.83 | I74: 4.69 | J74: 7.75 | K74: 6.93 | L74: 5.03 | M74: 4.69 | N74: 0 | O74: 0 | P74: 1 | Q74: 0 | R74: 0 | S74: 0 | T74: 2.83 | U74: 3.46 | V74: 0 | W74: 0 | X74: 0 | Y74: 0 | Z74: 1 | AA74: 1 | AB74: 0 | AC74: Male | AD74: Caucasian | AE74: Bachelor's | AF74: No | AG74: No | AH74: No | AI74: Yes | AJ74: No | AK74: No | AL74: No | AM74: No | AN74: No | AO74: No | AP74: No | AQ74: Yes | AR74: Yes | AS74: Negative | AT74: 30-44 | AU74: Normal | AV74: 0.82 | AW74: 2 | AX74: 1 | AY74: =IF(AND(OR(Overview!$B$10="All",AC74=Overview!$B$10),OR(Overview!$B$12="All",AD74=Overview!$B$12),OR(Overview!$B$14="All",AF74=Overview!$B$14),OR(Overview!$B$16="All",AT74=Overview!$B$16),OR(Overview!$B$18="All",AU74=Overview!$B$18)),1,0) -> 1 | AZ74: =IF(AND(OR('Dash 1'!$B$10="All",AC74='Dash 1'!$B$10),OR('Dash 1'!$B$12="All",AD74='Dash 1'!$B$12),OR('Dash 1'!$B$14="All",AF74='Dash 1'!$B$14),OR('Dash 1'!$B$16="All",AT74='Dash 1'!$B$16),OR('Dash 1'!$B$18="All",AU74='Dash 1'!$B$18)),1,0) -> 1 | BA74: =IF(AND(OR('Dash 2'!$B$10="All",AC74='Dash 2'!$B$10),OR('Dash 2'!$B$12="All",AD74='Dash 2'!$B$12),OR('Dash 2'!$B$14="All",AF74='Dash 2'!$B$14),OR('Dash 2'!$B$16="All",AT74='Dash 2'!$B$16),OR('Dash 2'!$B$18="All",AU74='Dash 2'!$B$18)),1,0) -> 1
A75: 5107 | B75: 14 | C75: 0 | D75: 1 | E75: 2 | F75: 36.09 | G75: 0 | H75: 8.36 | I75: 5.64 | J75: 5.53 | K75: 8.32 | L75: 4.71 | M75: 7.18 | N75: 0 | O75: 0 | P75: 0 | Q75: 0 | R75: 0 | S75: 1 | T75: 1.95 | U75: 2.37 | V75: 0 | W75: 0 | X75: 1 | Y75: 0 | Z75: 1 | AA75: 0 | AB75: 0 | AC75: Male | AD75: African American | AE75: Bachelor's | AF75: No | AG75: No | AH75: No | AI75: No | AJ75: No | AK75: No | AL75: Yes | AM75: No | AN75: No | AO75: Yes | AP75: No | AQ75: Yes | AR75: No | AS75: Negative | AT75: 0-17 (Child) | AU75: Obese | AV75: 0.82 | AW75: 2 | AX75: 1 | AY75: =IF(AND(OR(Overview!$B$10="All",AC75=Overview!$B$10),OR(Overview!$B$12="All",AD75=Overview!$B$12),OR(Overview!$B$14="All",AF75=Overview!$B$14),OR(Overview!$B$16="All",AT75=Overview!$B$16),OR(Overview!$B$18="All",AU75=Overview!$B$18)),1,0) -> 1 | AZ75: =IF(AND(OR('Dash 1'!$B$10="All",AC75='Dash 1'!$B$10),OR('Dash 1'!$B$12="All",AD75='Dash 1'!$B$12),OR('Dash 1'!$B$14="All",AF75='Dash 1'!$B$14),OR('Dash 1'!$B$16="All",AT75='Dash 1'!$B$16),OR('Dash 1'!$B$18="All",AU75='Dash 1'!$B$18)),1,0) -> 1 | BA75: =IF(AND(OR('Dash 2'!$B$10="All",AC75='Dash 2'!$B$10),OR('Dash 2'!$B$12="All",AD75='Dash 2'!$B$12),OR('Dash 2'!$B$14="All",AF75='Dash 2'!$B$14),OR('Dash 2'!$B$16="All",AT75='Dash 2'!$B$16),OR('Dash 2'!$B$18="All",AU75='Dash 2'!$B$18)),1,0) -> 1
A76: 5108 | B76: 57 | C76: 0 | D76: 2 | E76: 0 | F76: 22.2 | G76: 0 | H76: 2.45 | I76: 5.48 | J76: 6.73 | K76: 0.22 | L76: 6.52 | M76: 5.69 | N76: 0 | O76: 1 | P76: 0 | Q76: 0 | R76: 0 | S76: 0 | T76: 3.27 | U76: 4.5 | V76: 0 | W76: 0 | X76: 0 | Y76: 0 | Z76: 1 | AA76: 1 | AB76: 1 | AC76: Male | AD76: Asian | AF76: No | AG76: No | AH76: Yes | AI76: No | AJ76: No | AK76: No | AL76: No | AM76: No | AN76: No | AO76: No | AP76: No | AQ76: Yes | AR76: Yes | AS76: Positive | AT76: 45-59 | AU76: Normal | AV76: 0.73 | AW76: 2 | AX76: 1 | AY76: =IF(AND(OR(Overview!$B$10="All",AC76=Overview!$B$10),OR(Overview!$B$12="All",AD76=Overview!$B$12),OR(Overview!$B$14="All",AF76=Overview!$B$14),OR(Overview!$B$16="All",AT76=Overview!$B$16),OR(Overview!$B$18="All",AU76=Overview!$B$18)),1,0) -> 1 | AZ76: =IF(AND(OR('Dash 1'!$B$10="All",AC76='Dash 1'!$B$10),OR('Dash 1'!$B$12="All",AD76='Dash 1'!$B$12),OR('Dash 1'!$B$14="All",AF76='Dash 1'!$B$14),OR('Dash 1'!$B$16="All",AT76='Dash 1'!$B$16),OR('Dash 1'!$B$18="All",AU76='Dash 1'!$B$18)),1,0) -> 1 | BA76: =IF(AND(OR('Dash 2'!$B$10="All",AC76='Dash 2'!$B$10),OR('Dash 2'!$B$12="All",AD76='Dash 2'!$B$12),OR('Dash 2'!$B$14="All",AF76='Dash 2'!$B$14),OR('Dash 2'!$B$16="All",AT76='Dash 2'!$B$16),OR('Dash 2'!$B$18="All",AU76='Dash 2'!$B$18)),1,0) -> 1
A77: 5109 | B77: 41 | C77: 1 | D77: 1 | E77: 1 | F77: 25.96 | G77: 0 | H77: 5.94 | I77: 3.48 | J77: 6.22 | K77: 1.12 | L77: 9.45 | M77: 6.17 | N77: 0 | O77: 1 | P77: 1 | Q77: 0 | R77: 0 | S77: 0 | T77: 2.88 | U77: 4.31 | V77: 1 | W77: 0 | X77: 1 | Y77: 1 | Z77: 1 | AA77: 1 | AB77: 1 | AC77: Female | AD77: African American | AE77: High School | AF77: No | AG77: No | AH77: Yes | AI77: Yes | AJ77: No | AK77: No | AL77: No | AM77: Yes | AN77: No | AO77: Yes | AP77: Yes | AQ77: Yes | AR77: Yes | AS77: Positive | AT77: 30-44 | AU77: Overweight | AV77: 0.67 | AW77: 5 | AX77: 2 | AY77: =IF(AND(OR(Overview!$B$10="All",AC77=Overview!$B$10),OR(Overview!$B$12="All",AD77=Overview!$B$12),OR(Overview!$B$14="All",AF77=Overview!$B$14),OR(Overview!$B$16="All",AT77=Overview!$B$16),OR(Overview!$B$18="All",AU77=Overview!$B$18)),1,0) -> 1 | AZ77: =IF(AND(OR('Dash 1'!$B$10="All",AC77='Dash 1'!$B$10),OR('Dash 1'!$B$12="All",AD77='Dash 1'!$B$12),OR('Dash 1'!$B$14="All",AF77='Dash 1'!$B$14),OR('Dash 1'!$B$16="All",AT77='Dash 1'!$B$16),OR('Dash 1'!$B$18="All",AU77='Dash 1'!$B$18)),1,0) -> 1 | BA77: =IF(AND(OR('Dash 2'!$B$10="All",AC77='Dash 2'!$B$10),OR('Dash 2'!$B$12="All",AD77='Dash 2'!$B$12),OR('Dash 2'!$B$14="All",AF77='Dash 2'!$B$14),OR('Dash 2'!$B$16="All",AT77='Dash 2'!$B$16),OR('Dash 2'!$B$18="All",AU77='Dash 2'!$B$18)),1,0) -> 1
A78: 5110 | B78: 30 | C78: 0 | D78: 1 | E78: 2 | F78: 21.2 | G78: 1 | H78: 2.76 | I78: 2.46 | J78: 5.69 | K78: 7.51 | L78: 4.03 | M78: 3.12 | N78: 0 | O78: 0 | P78: 1 | Q78: 0 | R78: 1 | S78: 0 | T78: 2.42 | U78: 3.09 | V78: 0 | W78: 1 | X78: 0 | Y78: 1 | Z78: 0 | AA78: 0 | AB78: 1 | AC78: Male | AD78: African American | AE78: Bachelor's | AF78: Yes | AG78: No | AH78: No | AI78: Yes | AJ78: No | AK78: Yes | AL78: No | AM78: No | AN78: Yes | AO78: No | AP78: Yes | AQ78: No | AR78: No | AS78: Positive | AT78: 30-44 | AU78: Normal | AV78: 0.78 | AW78: 2 | AX78: 2 | AY78: =IF(AND(OR(Overview!$B$10="All",AC78=Overview!$B$10),OR(Overview!$B$12="All",AD78=Overview!$B$12),OR(Overview!$B$14="All",AF78=Overview!$B$14),OR(Overview!$B$16="All",AT78=Overview!$B$16),OR(Overview!$B$18="All",AU78=Overview!$B$18)),1,0) -> 1 | AZ78: =IF(AND(OR('Dash 1'!$B$10="All",AC78='Dash 1'!$B$10),OR('Dash 1'!$B$12="All",AD78='Dash 1'!$B$12),OR('Dash 1'!$B$14="All",AF78='Dash 1'!$B$14),OR('Dash 1'!$B$16="All",AT78='Dash 1'!$B$16),OR('Dash 1'!$B$18="All",AU78='Dash 1'!$B$18)),1,0) -> 1 | BA78: =IF(AND(OR('Dash 2'!$B$10="All",AC78='Dash 2'!$B$10),OR('Dash 2'!$B$12="All",AD78='Dash 2'!$B$12),OR('Dash 2'!$B$14="All",AF78='Dash 2'!$B$14),OR('Dash 2'!$B$16="All",AT78='Dash 2'!$B$16),OR('Dash 2'!$B$18="All",AU78='Dash 2'!$B$18)),1,0) -> 1
A79: 5111 | B79: 22 | C79: 0 | D79: 0 | E79: 3 | F79: 19.51 | G79: 0 | H79: 4.58 | I79: 6.48 | J79: 6.67 | K79: 8.92 | L79: 0 | M79: 5.64 | N79: 0 | O79: 0 | P79: 0 | Q79: 0 | R79: 0 | S79: 0 | T79: 3.64 | U79: 4.69 | V79: 1 | W79: 0 | X79: 1 | Y79: 0 | Z79: 0 | AA79: 1 | AB79: 0 | AC79: Male | AD79: Caucasian | AE79: Higher | AF79: No | AG79: No | AH79: No | AI79: No | AJ79: No | AK79: No | AL79: No | AM79: Yes | AN79: No | AO79: Yes | AP79: No | AQ79: No | AR79: Yes | AS79: Negative | AT79: 18-29 | AU79: Normal | AV79: 0.78 | AW79: 3 | AX79: 0 | AY79: =IF(AND(OR(Overview!$B$10="All",AC79=Overview!$B$10),OR(Overview!$B$12="All",AD79=Overview!$B$12),OR(Overview!$B$14="All",AF79=Overview!$B$14),OR(Overview!$B$16="All",AT79=Overview!$B$16),OR(Overview!$B$18="All",AU79=Overview!$B$18)),1,0) -> 1 | AZ79: =IF(AND(OR('Dash 1'!$B$10="All",AC79='Dash 1'!$B$10),OR('Dash 1'!$B$12="All",AD79='Dash 1'!$B$12),OR('Dash 1'!$B$14="All",AF79='Dash 1'!$B$14),OR('Dash 1'!$B$16="All",AT79='Dash 1'!$B$16),OR('Dash 1'!$B$18="All",AU79='Dash 1'!$B$18)),1,0) -> 1 | BA79: =IF(AND(OR('Dash 2'!$B$10="All",AC79='Dash 2'!$B$10),OR('Dash 2'!$B$12="All",AD79='Dash 2'!$B$12),OR('Dash 2'!$B$14="All",AF79='Dash 2'!$B$14),OR('Dash 2'!$B$16="All",AT79='Dash 2'!$B$16),OR('Dash 2'!$B$18="All",AU79='Dash 2'!$B$18)),1,0) -> 1
A80: 5112 | B80: 47 | C80: 1 | D80: 0 | E80: 1 | F80: 21.63 | G80: 0 | H80: 1.87 | I80: 1.96 | J80: 8.17 | K80: 0 | L80: 4.49 | M80: 4.76 | N80: 0 | O80: 0 | P80: 0 | Q80: 0 | R80: 1 | S80: 0 | T80: 2.59 | U80: 3.27 | V80: 0 | W80: 0 | X80: 1 | Y80: 0 | Z80: 0 | AA80: 1 | AB80: 0 | AC80: Female | AD80: Caucasian | AE80: High School | AF80: No | AG80: No | AH80: No | AI80: No | AJ80: No | AK80: Yes | AL80: No | AM80: No | AN80: No | AO80: Yes | AP80: No | AQ80: No | AR80: Yes | AS80: Negative | AT80: 45-59 | AU80: Normal | AV80: 0.79 | AW80: 2 | AX80: 1 | AY80: =IF(AND(OR(Overview!$B$10="All",AC80=Overview!$B$10),OR(Overview!$B$12="All",AD80=Overview!$B$12),OR(Overview!$B$14="All",AF80=Overview!$B$14),OR(Overview!$B$16="All",AT80=Overview!$B$16),OR(Overview!$B$18="All",AU80=Overview!$B$18)),1,0) -> 1 | AZ80: =IF(AND(OR('Dash 1'!$B$10="All",AC80='Dash 1'!$B$10),OR('Dash 1'!$B$12="All",AD80='Dash 1'!$B$12),OR('Dash 1'!$B$14="All",AF80='Dash 1'!$B$14),OR('Dash 1'!$B$16="All",AT80='Dash 1'!$B$16),OR('Dash 1'!$B$18="All",AU80='Dash 1'!$B$18)),1,0) -> 1 | BA80: =IF(AND(OR('Dash 2'!$B$10="All",AC80='Dash 2'!$B$10),OR('Dash 2'!$B$12="All",AD80='Dash 2'!$B$12),OR('Dash 2'!$B$14="All",AF80='Dash 2'!$B$14),OR('Dash 2'!$B$16="All",AT80='Dash 2'!$B$16),OR('Dash 2'!$B$18="All",AU80='Dash 2'!$B$18)),1,0) -> 1
A81: 5113 | B81: 55 | C81: 0 | D81: 2 | E81: 2 | F81: 21.15 | G81: 0 | H81: 7.95 | I81: 5.48 | J81: 8.44 | K81: 7.04 | L81: 5.75 | M81: 4.49 | N81: 0 | O81: 0 | P81: 0 | Q81: 0 | R81: 0 | S81: 0 | T81: 2.84 | U81: 3.5 | V81: 0 | W81: 1 | X81: 0 | Y81: 1 | Z81: 0 | AA81: 1 | AB81: 1 | AC81: Male | AD81: Asian | AE81: Bachelor's | AF81: No | AG81: No | AH81: No | AI81: No | AJ81: No | AK81: No | AL81: No | AM81: No | AN81: Yes | AO81: No | AP81: Yes | AQ81: No | AR81: Yes | AS81: Positive | AT81: 45-59 | AU81: Normal | AV81: 0.81 | AW81: 3 | AX81: 0 | AY81: =IF(AND(OR(Overview!$B$10="All",AC81=Overview!$B$10),OR(Overview!$B$12="All",AD81=Overview!$B$12),OR(Overview!$B$14="All",AF81=Overview!$B$14),OR(Overview!$B$16="All",AT81=Overview!$B$16),OR(Overview!$B$18="All",AU81=Overview!$B$18)),1,0) -> 1 | AZ81: =IF(AND(OR('Dash 1'!$B$10="All",AC81='Dash 1'!$B$10),OR('Dash 1'!$B$12="All",AD81='Dash 1'!$B$12),OR('Dash 1'!$B$14="All",AF81='Dash 1'!$B$14),OR('Dash 1'!$B$16="All",AT81='Dash 1'!$B$16),OR('Dash 1'!$B$18="All",AU81='Dash 1'!$B$18)),1,0) -> 1 | BA81: =IF(AND(OR('Dash 2'!$B$10="All",AC81='Dash 2'!$B$10),OR('Dash 2'!$B$12="All",AD81='Dash 2'!$B$12),OR('Dash 2'!$B$14="All",AF81='Dash 2'!$B$14),OR('Dash 2'!$B$16="All",AT81='Dash 2'!$B$16),OR('Dash 2'!$B$18="All",AU81='Dash 2'!$B$18)),1,0) -> 1
A82: 5114 | B82: 76 | C82: 0 | D82: 1 | E82: 2 | F82: 23.93 | G82: 0 | H82: 4.39 | I82: 4.76 | J82: 8.2 | K82: 9.09 | L82: 5.5 | M82: 3.3 | N82: 0 | O82: 0 | P82: 0 | Q82: 0 | R82: 0 | S82: 1 | T82: 3.04 | U82: 4.08 | V82: 0 | W82: 0 | X82: 0 | Y82: 0 | Z82: 0 | AA82: 1 | AB82: 1 | AC82: Male | AD82: African American | AE82: Bachelor's | AF82: No | AG82: No | AH82: No | AI82: No | AJ82: No | AK82: No | AL82: Yes | AM82: No | AN82: No | AO82: No | AP82: No | AQ82: No | AR82: Yes | AS82: Positive | AT82: 60+ | AU82: Normal | AV82: 0.75 | AW82: 1 | AX82: 1 | AY82: =IF(AND(OR(Overview!$B$10="All",AC82=Overview!$B$10),OR(Overview!$B$12="All",AD82=Overview!$B$12),OR(Overview!$B$14="All",AF82=Overview!$B$14),OR(Overview!$B$16="All",AT82=Overview!$B$16),OR(Overview!$B$18="All",AU82=Overview!$B$18)),1,0) -> 1 | AZ82: =IF(AND(OR('Dash 1'!$B$10="All",AC82='Dash 1'!$B$10),OR('Dash 1'!$B$12="All",AD82='Dash 1'!$B$12),OR('Dash 1'!$B$14="All",AF82='Dash 1'!$B$14),OR('Dash 1'!$B$16="All",AT82='Dash 1'!$B$16),OR('Dash 1'!$B$18="All",AU82='Dash 1'!$B$18)),1,0) -> 1 | BA82: =IF(AND(OR('Dash 2'!$B$10="All",AC82='Dash 2'!$B$10),OR('Dash 2'!$B$12="All",AD82='Dash 2'!$B$12),OR('Dash 2'!$B$14="All",AF82='Dash 2'!$B$14),OR('Dash 2'!$B$16="All",AT82='Dash 2'!$B$16),OR('Dash 2'!$B$18="All",AU82='Dash 2'!$B$18)),1,0) -> 1
A83: 5115 | B83: 38 | C83: 0 | D83: 0 | E83: 1 | F83: 22.11 | G83: 1 | H83: 1.13 | I83: 4.67 | J83: 7.04 | K83: 2.84 | L83: 4.61 | M83: 7.29 | N83: 0 | O83: 0 | P83: 0 | Q83: 0 | R83: 0 | S83: 0 | T83: 3.07 | U83: 3.56 | V83: 0 | W83: 1 | X83: 1 | Y83: 1 | Z83: 0 | AA83: 1 | AB83: 1 | AC83: Male | AD83: Caucasian | AE83: High School | AF83: Yes | AG83: No | AH83: No | AI83: No | AJ83: No | AK83: No | AL83: No | AM83: No | AN83: Yes | AO83: Yes | AP83: Yes | AQ83: No | AR83: Yes | AS83: Positive | AT83: 30-44 | AU83: Normal | AV83: 0.86 | AW83: 4 | AX83: 0 | AY83: =IF(AND(OR(Overview!$B$10="All",AC83=Overview!$B$10),OR(Overview!$B$12="All",AD83=Overview!$B$12),OR(Overview!$B$14="All",AF83=Overview!$B$14),OR(Overview!$B$16="All",AT83=Overview!$B$16),OR(Overview!$B$18="All",AU83=Overview!$B$18)),1,0) -> 1 | AZ83: =IF(AND(OR('Dash 1'!$B$10="All",AC83='Dash 1'!$B$10),OR('Dash 1'!$B$12="All",AD83='Dash 1'!$B$12),OR('Dash 1'!$B$14="All",AF83='Dash 1'!$B$14),OR('Dash 1'!$B$16="All",AT83='Dash 1'!$B$16),OR('Dash 1'!$B$18="All",AU83='Dash 1'!$B$18)),1,0) -> 1 | BA83: =IF(AND(OR('Dash 2'!$B$10="All",AC83='Dash 2'!$B$10),OR('Dash 2'!$B$12="All",AD83='Dash 2'!$B$12),OR('Dash 2'!$B$14="All",AF83='Dash 2'!$B$14),OR('Dash 2'!$B$16="All",AT83='Dash 2'!$B$16),OR('Dash 2'!$B$18="All",AU83='Dash 2'!$B$18)),1,0) -> 1
A84: 5116 | B84: 17 | C84: 0 | D84: 0 | E84: 1 | F84: 29.48 | G84: 0 | H84: 7.76 | I84: 6.42 | J84: 6.66 | K84: 8.95 | L84: 8.72 | M84: 5.86 | N84: 0 | O84: 1 | P84: 1 | Q84: 0 | R84: 0 | S84: 1 | T84: 2.84 | U84: 3.65 | V84: 0 | W84: 1 | X84: 0 | Y84: 1 | Z84: 0 | AA84: 1 | AB84: 1 | AC84: Male | AD84: Caucasian | AE84: High School | AF84: No | AG84: No | AH84: Yes | AI84: Yes | AJ84: No | AK84: No | AL84: Yes | AM84: No | AN84: Yes | AO84: No | AP84: Yes | AQ84: No | AR84: Yes | AS84: Positive | AT84: 0-17 (Child) | AU84: Overweight | AV84: 0.78 | AW84: 3 | AX84: 3 | AY84: =IF(AND(OR(Overview!$B$10="All",AC84=Overview!$B$10),OR(Overview!$B$12="All",AD84=Overview!$B$12),OR(Overview!$B$14="All",AF84=Overview!$B$14),OR(Overview!$B$16="All",AT84=Overview!$B$16),OR(Overview!$B$18="All",AU84=Overview!$B$18)),1,0) -> 1 | AZ84: =IF(AND(OR('Dash 1'!$B$10="All",AC84='Dash 1'!$B$10),OR('Dash 1'!$B$12="All",AD84='Dash 1'!$B$12),OR('Dash 1'!$B$14="All",AF84='Dash 1'!$B$14),OR('Dash 1'!$B$16="All",AT84='Dash 1'!$B$16),OR('Dash 1'!$B$18="All",AU84='Dash 1'!$B$18)),1,0) -> 1 | BA84: =IF(AND(OR('Dash 2'!$B$10="All",AC84='Dash 2'!$B$10),OR('Dash 2'!$B$12="All",AD84='Dash 2'!$B$12),OR('Dash 2'!$B$14="All",AF84='Dash 2'!$B$14),OR('Dash 2'!$B$16="All",AT84='Dash 2'!$B$16),OR('Dash 2'!$B$18="All",AU84='Dash 2'!$B$18)),1,0) -> 1
A85: 5117 | B85: 68 | C85: 0 | D85: 0 | E85: 1 | F85: 22.09 | G85: 0 | H85: 3.89 | I85: 8.53 | J85: 4 | K85: 4.56 | L85: 5.34 | M85: 5.61 | N85: 0 | O85: 0 | P85: 1 | Q85: 0 | R85: 0 | S85: 0 | T85: 2.99 | U85: 3.78 | V85: 0 | W85: 0 | X85: 0 | Y85: 0 | Z85: 0 | AA85: 0 | AB85: 0 | AC85: Male | AD85: Caucasian | AE85: High School | AF85: No | AG85: No | AH85: No | AI85: Yes | AJ85: No | AK85: No | AL85: No | AM85: No | AN85: No | AO85: No | AP85: No | AQ85: No | AR85: No | AS85: Negative | AT85: 60+ | AU85: Normal | AV85: 0.79 | AW85: 0 | AX85: 1 | AY85: =IF(AND(OR(Overview!$B$10="All",AC85=Overview!$B$10),OR(Overview!$B$12="All",AD85=Overview!$B$12),OR(Overview!$B$14="All",AF85=Overview!$B$14),OR(Overview!$B$16="All",AT85=Overview!$B$16),OR(Overview!$B$18="All",AU85=Overview!$B$18)),1,0) -> 1 | AZ85: =IF(AND(OR('Dash 1'!$B$10="All",AC85='Dash 1'!$B$10),OR('Dash 1'!$B$12="All",AD85='Dash 1'!$B$12),OR('Dash 1'!$B$14="All",AF85='Dash 1'!$B$14),OR('Dash 1'!$B$16="All",AT85='Dash 1'!$B$16),OR('Dash 1'!$B$18="All",AU85='Dash 1'!$B$18)),1,0) -> 1 | BA85: =IF(AND(OR('Dash 2'!$B$10="All",AC85='Dash 2'!$B$10),OR('Dash 2'!$B$12="All",AD85='Dash 2'!$B$12),OR('Dash 2'!$B$14="All",AF85='Dash 2'!$B$14),OR('Dash 2'!$B$16="All",AT85='Dash 2'!$B$16),OR('Dash 2'!$B$18="All",AU85='Dash 2'!$B$18)),1,0) -> 1
A86: 5118 | B86: 52 | C86: 1 | D86: 0 | E86: 1 | F86: 22.53 | G86: 1 | H86: 4.54 | I86: 2.23 | J86: 7.08 | K86: 5.79 | L86: 4.74 | M86: 10 | N86: 0 | O86: 0 | P86: 0 | Q86: 0 | R86: 1 | S86: 0 | T86: 2.76 | U86: 3.37 | V86: 0 | W86: 0 | X86: 0 | Y86: 0 | Z86: 0 | AA86: 0 | AB86: 1 | AC86: Female | AD86: Caucasian | AE86: High School | AF86: Yes | AG86: No | AH86: No | AI86: No | AJ86: No | AK86: Yes | AL86: No | AM86: No | AN86: No | AO86: No | AP86: No | AQ86: No | AR86: No | AS86: Positive | AT86: 45-59 | AU86: Normal | AV86: 0.82 | AW86: 0 | AX86: 1 | AY86: =IF(AND(OR(Overview!$B$10="All",AC86=Overview!$B$10),OR(Overview!$B$12="All",AD86=Overview!$B$12),OR(Overview!$B$14="All",AF86=Overview!$B$14),OR(Overview!$B$16="All",AT86=Overview!$B$16),OR(Overview!$B$18="All",AU86=Overview!$B$18)),1,0) -> 1 | AZ86: =IF(AND(OR('Dash 1'!$B$10="All",AC86='Dash 1'!$B$10),OR('Dash 1'!$B$12="All",AD86='Dash 1'!$B$12),OR('Dash 1'!$B$14="All",AF86='Dash 1'!$B$14),OR('Dash 1'!$B$16="All",AT86='Dash 1'!$B$16),OR('Dash 1'!$B$18="All",AU86='Dash 1'!$B$18)),1,0) -> 1 | BA86: =IF(AND(OR('Dash 2'!$B$10="All",AC86='Dash 2'!$B$10),OR('Dash 2'!$B$12="All",AD86='Dash 2'!$B$12),OR('Dash 2'!$B$14="All",AF86='Dash 2'!$B$14),OR('Dash 2'!$B$16="All",AT86='Dash 2'!$B$16),OR('Dash 2'!$B$18="All",AU86='Dash 2'!$B$18)),1,0) -> 1
A87: 5119 | B87: 58 | C87: 0 | D87: 0 | E87: 2 | F87: 25.04 | G87: 1 | H87: 5.65 | I87: 7.35 | J87: 4 | K87: 3.2 | L87: 3.06 | M87: 6.18 | N87: 0 | O87: 0 | P87: 0 | Q87: 0 | R87: 0 | S87: 0 | T87: 3.3 | U87: 3.93 | V87: 0 | W87: 0 | X87: 0 | Y87: 0 | Z87: 0 | AA87: 0 | AB87: 1 | AC87: Male | AD87: Caucasian | AE87: Bachelor's | AF87: Yes | AG87: No | AH87: No | AI87: No | AJ87: No | AK87: No | AL87: No | AM87: No | AN87: No | AO87: No | AP87: No | AQ87: No | AR87: No | AS87: Positive | AT87: 45-59 | AU87: Overweight | AV87: 0.84 | AW87: 0 | AX87: 0 | AY87: =IF(AND(OR(Overview!$B$10="All",AC87=Overview!$B$10),OR(Overview!$B$12="All",AD87=Overview!$B$12),OR(Overview!$B$14="All",AF87=Overview!$B$14),OR(Overview!$B$16="All",AT87=Overview!$B$16),OR(Overview!$B$18="All",AU87=Overview!$B$18)),1,0) -> 1 | AZ87: =IF(AND(OR('Dash 1'!$B$10="All",AC87='Dash 1'!$B$10),OR('Dash 1'!$B$12="All",AD87='Dash 1'!$B$12),OR('Dash 1'!$B$14="All",AF87='Dash 1'!$B$14),OR('Dash 1'!$B$16="All",AT87='Dash 1'!$B$16),OR('Dash 1'!$B$18="All",AU87='Dash 1'!$B$18)),1,0) -> 1 | BA87: =IF(AND(OR('Dash 2'!$B$10="All",AC87='Dash 2'!$B$10),OR('Dash 2'!$B$12="All",AD87='Dash 2'!$B$12),OR('Dash 2'!$B$14="All",AF87='Dash 2'!$B$14),OR('Dash 2'!$B$16="All",AT87='Dash 2'!$B$16),OR('Dash 2'!$B$18="All",AU87='Dash 2'!$B$18)),1,0) -> 1
A88: 5120 | B88: 12 | C88: 0 | D88: 0 | E88: 1 | F88: 30.96 | G88: 0 | H88: 6.04 | I88: 0.63 | J88: 4.5 | K88: 7.5 | L88: 0.63 | M88: 8 | N88: 0 | O88: 0 | P88: 0 | Q88: 0 | R88: 0 | S88: 1 | T88: 3.01 | U88: 3.97 | V88: 0 | W88: 1 | X88: 0 | Y88: 0 | Z88: 1 | AA88: 1 | AB88: 0 | AC88: Male | AD88: Caucasian | AE88: High School | AF88: No | AG88: No | AH88: No | AI88: No | AJ88: No | AK88: No | AL88: Yes | AM88: No | AN88: Yes | AO88: No | AP88: No | AQ88: Yes | AR88: Yes | AS88: Negative | AT88: 0-17 (Child) | AU88: Obese | AV88: 0.76 | AW88: 3 | AX88: 1 | AY88: =IF(AND(OR(Overview!$B$10="All",AC88=Overview!$B$10),OR(Overview!$B$12="All",AD88=Overview!$B$12),OR(Overview!$B$14="All",AF88=Overview!$B$14),OR(Overview!$B$16="All",AT88=Overview!$B$16),OR(Overview!$B$18="All",AU88=Overview!$B$18)),1,0) -> 1 | AZ88: =IF(AND(OR('Dash 1'!$B$10="All",AC88='Dash 1'!$B$10),OR('Dash 1'!$B$12="All",AD88='Dash 1'!$B$12),OR('Dash 1'!$B$14="All",AF88='Dash 1'!$B$14),OR('Dash 1'!$B$16="All",AT88='Dash 1'!$B$16),OR('Dash 1'!$B$18="All",AU88='Dash 1'!$B$18)),1,0) -> 1 | BA88: =IF(AND(OR('Dash 2'!$B$10="All",AC88='Dash 2'!$B$10),OR('Dash 2'!$B$12="All",AD88='Dash 2'!$B$12),OR('Dash 2'!$B$14="All",AF88='Dash 2'!$B$14),OR('Dash 2'!$B$16="All",AT88='Dash 2'!$B$16),OR('Dash 2'!$B$18="All",AU88='Dash 2'!$B$18)),1,0) -> 1
... A158: 5190 | B158: 14 | C158: 0 | D158: 0 | E158: 3 | F158: 25.84 | G158: 0 | H158: 7.4 | I158: 6.66 | J158: 7.37 | K158: 3.16 | L158: 4.07 | M158: 4.49 | N158: 0 | O158: 1 | P158: 1 | Q158: 1 | R158: 1 | S158: 1 | T158: 2.18 | U158: 2.58 | V158: 0 | W158: 0 | X158: 0 | Y158: 0 | Z158: 0 | AA158: 0 | AB158: 1 | AC158: Male | AD158: Caucasian | AE158: Higher | AF158: No | AG158: No | AH158: Yes | AI158: Yes | AJ158: Yes | AK158: Yes | AL158: Yes | AM158: No | AN158: No | AO158: No | AP158: No | AQ158: No | AR158: No | AS158: Positive | AT158: 0-17 (Child) | AU158: Overweight | AV158: 0.84 | AW158: 0 | AX158: 5 | AY158: =IF(AND(OR(Overview!$B$10="All",AC158=Overview!$B$10),OR(Overview!$B$12="All",AD158=Overview!$B$12),OR(Overview!$B$14="All",AF158=Overview!$B$14),OR(Overview!$B$16="All",AT158=Overview!$B$16),OR(Overview!$B$18="All",AU158=Overview!$B$18)),1,0) -> 1 | AZ158: =IF(AND(OR('Dash 1'!$B$10="All",AC158='Dash 1'!$B$10),OR('Dash 1'!$B$12="All",AD158='Dash 1'!$B$12),OR('Dash 1'!$B$14="All",AF158='Dash 1'!$B$14),OR('Dash 1'!$B$16="All",AT158='Dash 1'!$B$16),OR('Dash 1'!$B$18="All",AU158='Dash 1'!$B$18)),1,0) -> 1 | BA158: =IF(AND(OR('Dash 2'!$B$10="All",AC158='Dash 2'!$B$10),OR('Dash 2'!$B$12="All",AD158='Dash 2'!$B$12),OR('Dash 2'!$B$14="All",AF158='Dash 2'!$B$14),OR('Dash 2'!$B$16="All",AT158='Dash 2'!$B$16),OR('Dash 2'!$B$18="All",AU158='Dash 2'!$B$18)),1,0) -> 1
A159: 5191 | B159: 47 | C159: 0 | D159: 0 | E159: 0 | F159: 31.53 | G159: 0 | H159: 5.22 | I159: 7.95 | J159: 7.92 | K159: 6.15 | L159: 4.82 | M159: 8.43 | N159: 0 | O159: 0 | P159: 0 | Q159: 0 | R159: 0 | S159: 0 | T159: 3.82 | U159: 5.11 | V159: 0 | W159: 0 | X159: 1 | Y159: 0 | Z159: 0 | AA159: 0 | AB159: 0 | AC159: Male | AD159: Caucasian | AF159: No | AG159: No | AH159: No | AI159: No | AJ159: No | AK159: No | AL159: No | AM159: No | AN159: No | AO159: Yes | AP159: No | AQ159: No | AR159: No | AS159: Negative | AT159: 45-59 | AU159: Obese | AV159: 0.75 | AW159: 1 | AX159: 0 | AY159: =IF(AND(OR(Overview!$B$10="All",AC159=Overview!$B$10),OR(Overview!$B$12="All",AD159=Overview!$B$12),OR(Overview!$B$14="All",AF159=Overview!$B$14),OR(Overview!$B$16="All",AT159=Overview!$B$16),OR(Overview!$B$18="All",AU159=Overview!$B$18)),1,0) -> 1 | AZ159: =IF(AND(OR('Dash 1'!$B$10="All",AC159='Dash 1'!$B$10),OR('Dash 1'!$B$12="All",AD159='Dash 1'!$B$12),OR('Dash 1'!$B$14="All",AF159='Dash 1'!$B$14),OR('Dash 1'!$B$16="All",AT159='Dash 1'!$B$16),OR('Dash 1'!$B$18="All",AU159='Dash 1'!$B$18)),1,0) -> 1 | BA159: =IF(AND(OR('Dash 2'!$B$10="All",AC159='Dash 2'!$B$10),OR('Dash 2'!$B$12="All",AD159='Dash 2'!$B$12),OR('Dash 2'!$B$14="All",AF159='Dash 2'!$B$14),OR('Dash 2'!$B$16="All",AT159='Dash 2'!$B$16),OR('Dash 2'!$B$18="All",AU159='Dash 2'!$B$18)),1,0) -> 1
A160: 5192 | B160: 43 | C160: 1 | D160: 0 | E160: 2 | F160: 27.56 | G160: 0 | H160: 10 | I160: 6.53 | J160: 4 | K160: 4.98 | L160: 4.53 | M160: 2.46 | N160: 1 | O160: 0 | P160: 1 | Q160: 1 | R160: 1 | S160: 0 | T160: 2.98 | U160: 3.72 | V160: 1 | W160: 1 | X160: 0 | Y160: 1 | Z160: 1 | AA160: 1 | AB160: 1 | AC160: Female | AD160: Caucasian | AE160: Bachelor's | AF160: No | AG160: Yes | AH160: No | AI160: Yes | AJ160: Yes | AK160: Yes | AL160: No | AM160: Yes | AN160: Yes | AO160: No | AP160: Yes | AQ160: Yes | AR160: Yes | AS160: Positive | AT160: 30-44 | AU160: Overweight | AV160: 0.8 | AW160: 5 | AX160: 3 | AY160: =IF(AND(OR(Overview!$B$10="All",AC160=Overview!$B$10),OR(Overview!$B$12="All",AD160=Overview!$B$12),OR(Overview!$B$14="All",AF160=Overview!$B$14),OR(Overview!$B$16="All",AT160=Overview!$B$16),OR(Overview!$B$18="All",AU160=Overview!$B$18)),1,0) -> 1 | AZ160: =IF(AND(OR('Dash 1'!$B$10="All",AC160='Dash 1'!$B$10),OR('Dash 1'!$B$12="All",AD160='Dash 1'!$B$12),OR('Dash 1'!$B$14="All",AF160='Dash 1'!$B$14),OR('Dash 1'!$B$16="All",AT160='Dash 1'!$B$16),OR('Dash 1'!$B$18="All",AU160='Dash 1'!$B$18)),1,0) -> 1 | BA160: =IF(AND(OR('Dash 2'!$B$10="All",AC160='Dash 2'!$B$10),OR('Dash 2'!$B$12="All",AD160='Dash 2'!$B$12),OR('Dash 2'!$B$14="All",AF160='Dash 2'!$B$14),OR('Dash 2'!$B$16="All",AT160='Dash 2'!$B$16),OR('Dash 2'!$B$18="All",AU160='Dash 2'!$B$18)),1,0) -> 1
A161: 5193 | B161: 64 | C161: 0 | D161: 0 | E161: 3 | F161: 21.71 | G161: 1 | H161: 4.5 | I161: 3.83 | J161: 9.32 | K161: 2.48 | L161: 1.3 | M161: 3.59 | N161: 0 | O161: 0 | P161: 0 | Q161: 0 | R161: 1 | S161: 0 | T161: 3.03 | U161: 3.57 | V161: 0 | W161: 0 | X161: 0 | Y161: 1 | Z161: 1 | AA161: 0 | AB161: 0 | AC161: Male | AD161: Caucasian | AE161: Higher | AF161: Yes | AG161: No | AH161: No | AI161: No | AJ161: No | AK161: Yes | AL161: No | AM161: No | AN161: No | AO161: No | AP161: Yes | AQ161: Yes | AR161: No | AS161: Negative | AT161: 60+ | AU161: Normal | AV161: 0.85 | AW161: 2 | AX161: 1 | AY161: =IF(AND(OR(Overview!$B$10="All",AC161=Overview!$B$10),OR(Overview!$B$12="All",AD161=Overview!$B$12),OR(Overview!$B$14="All",AF161=Overview!$B$14),OR(Overview!$B$16="All",AT161=Overview!$B$16),OR(Overview!$B$18="All",AU161=Overview!$B$18)),1,0) -> 1 | AZ161: =IF(AND(OR('Dash 1'!$B$10="All",AC161='Dash 1'!$B$10),OR('Dash 1'!$B$12="All",AD161='Dash 1'!$B$12),OR('Dash 1'!$B$14="All",AF161='Dash 1'!$B$14),OR('Dash 1'!$B$16="All",AT161='Dash 1'!$B$16),OR('Dash 1'!$B$18="All",AU161='Dash 1'!$B$18)),1,0) -> 1 | BA161: =IF(AND(OR('Dash 2'!$B$10="All",AC161='Dash 2'!$B$10),OR('Dash 2'!$B$12="All",AD161='Dash 2'!$B$12),OR('Dash 2'!$B$14="All",AF161='Dash 2'!$B$14),OR('Dash 2'!$B$16="All",AT161='Dash 2'!$B$16),OR('Dash 2'!$B$18="All",AU161='Dash 2'!$B$18)),1,0) -> 1
A162: 5194 | B162: 80 | C162: 0 | D162: 1 | E162: 2 | F162: 34.11 | G162: 0 | H162: 4.79 | I162: 4.41 | J162: 9.07 | K162: 4.26 | L162: 8.51 | M162: 6.41 | N162: 0 | O162: 1 | P162: 0 | Q162: 0 | R162: 0 | S162: 1 | T162: 2.1 | U162: 2.96 | V162: 1 | W162: 1 | X162: 1 | Y162: 1 | Z162: 0 | AA162: 1 | AB162: 1 | AC162: Male | AD162: African American | AE162: Bachelor's | AF162: No | AG162: No | AH162: Yes | AI162: No | AJ162: No | AK162: No | AL162: Yes | AM162: Yes | AN162: Yes | AO162: Yes | AP162: Yes | AQ162: No | AR162: Yes | AS162: Positive | AT162: 60+ | AU162: Obese | AV162: 0.71 | AW162: 5 | AX162: 2 | AY162: =IF(AND(OR(Overview!$B$10="All",AC162=Overview!$B$10),OR(Overview!$B$12="All",AD162=Overview!$B$12),OR(Overview!$B$14="All",AF162=Overview!$B$14),OR(Overview!$B$16="All",AT162=Overview!$B$16),OR(Overview!$B$18="All",AU162=Overview!$B$18)),1,0) -> 1 | AZ162: =IF(AND(OR('Dash 1'!$B$10="All",AC162='Dash 1'!$B$10),OR('Dash 1'!$B$12="All",AD162='Dash 1'!$B$12),OR('Dash 1'!$B$14="All",AF162='Dash 1'!$B$14),OR('Dash 1'!$B$16="All",AT162='Dash 1'!$B$16),OR('Dash 1'!$B$18="All",AU162='Dash 1'!$B$18)),1,0) -> 1 | BA162: =IF(AND(OR('Dash 2'!$B$10="All",AC162='Dash 2'!$B$10),OR('Dash 2'!$B$12="All",AD162='Dash 2'!$B$12),OR('Dash 2'!$B$14="All",AF162='Dash 2'!$B$14),OR('Dash 2'!$B$16="All",AT162='Dash 2'!$B$16),OR('Dash 2'!$B$18="All",AU162='Dash 2'!$B$18)),1,0) -> 1
A163: 5195 | B163: 55 | C163: 0 | D163: 3 | E163: 3 | F163: 24.54 | G163: 0 | H163: 6.26 | I163: 2.37 | J163: 7.28 | K163: 1.84 | L163: 6.66 | M163: 7 | N163: 0 | O163: 0 | P163: 0 | Q163: 0 | R163: 0 | S163: 1 | T163: 2.7 | U163: 3.5 | V163: 0 | W163: 0 | X163: 0 | Y163: 1 | Z163: 0 | AA163: 1 | AB163: 1 | AC163: Male | AD163: Other | AE163: Higher | AF163: No | AG163: No | AH163: No | AI163: No | AJ163: No | AK163: No | AL163: Yes | AM163: No | AN163: No | AO163: No | AP163: Yes | AQ163: No | AR163: Yes | AS163: Positive | AT163: 45-59 | AU163: Normal | AV163: 0.77 | AW163: 2 | AX163: 1 | AY163: =IF(AND(OR(Overview!$B$10="All",AC163=Overview!$B$10),OR(Overview!$B$12="All",AD163=Overview!$B$12),OR(Overview!$B$14="All",AF163=Overview!$B$14),OR(Overview!$B$16="All",AT163=Overview!$B$16),OR(Overview!$B$18="All",AU163=Overview!$B$18)),1,0) -> 1 | AZ163: =IF(AND(OR('Dash 1'!$B$10="All",AC163='Dash 1'!$B$10),OR('Dash 1'!$B$12="All",AD163='Dash 1'!$B$12),OR('Dash 1'!$B$14="All",AF163='Dash 1'!$B$14),OR('Dash 1'!$B$16="All",AT163='Dash 1'!$B$16),OR('Dash 1'!$B$18="All",AU163='Dash 1'!$B$18)),1,0) -> 1 | BA163: =IF(AND(OR('Dash 2'!$B$10="All",AC163='Dash 2'!$B$10),OR('Dash 2'!$B$12="All",AD163='Dash 2'!$B$12),OR('Dash 2'!$B$14="All",AF163='Dash 2'!$B$14),OR('Dash 2'!$B$16="All",AT163='Dash 2'!$B$16),OR('Dash 2'!$B$18="All",AU163='Dash 2'!$B$18)),1,0) -> 1
A164: 5196 | B164: 36 | C164: 1 | D164: 0 | E164: 2 | F164: 23.72 | G164: 0 | H164: 4.26 | I164: 5.12 | J164: 5.16 | K164: 7.91 | L164: 3.13 | M164: 5.81 | N164: 0 | O164: 0 | P164: 1 | Q164: 1 | R164: 0 | S164: 0 | T164: 2.56 | U164: 3.32 | V164: 0 | W164: 1 | X164: 0 | Y164: 1 | Z164: 1 | AA164: 1 | AB164: 1 | AC164: Female | AD164: Caucasian | AE164: Bachelor's | AF164: No | AG164: No | AH164: No | AI164: Yes | AJ164: Yes | AK164: No | AL164: No | AM164: No | AN164: Yes | AO164: No | AP164: Yes | AQ164: Yes | AR164: Yes | AS164: Positive | AT164: 30-44 | AU164: Normal | AV164: 0.77 | AW164: 4 | AX164: 2 | AY164: =IF(AND(OR(Overview!$B$10="All",AC164=Overview!$B$10),OR(Overview!$B$12="All",AD164=Overview!$B$12),OR(Overview!$B$14="All",AF164=Overview!$B$14),OR(Overview!$B$16="All",AT164=Overview!$B$16),OR(Overview!$B$18="All",AU164=Overview!$B$18)),1,0) -> 1 | AZ164: =IF(AND(OR('Dash 1'!$B$10="All",AC164='Dash 1'!$B$10),OR('Dash 1'!$B$12="All",AD164='Dash 1'!$B$12),OR('Dash 1'!$B$14="All",AF164='Dash 1'!$B$14),OR('Dash 1'!$B$16="All",AT164='Dash 1'!$B$16),OR('Dash 1'!$B$18="All",AU164='Dash 1'!$B$18)),1,0) -> 1 | BA164: =IF(AND(OR('Dash 2'!$B$10="All",AC164='Dash 2'!$B$10),OR('Dash 2'!$B$12="All",AD164='Dash 2'!$B$12),OR('Dash 2'!$B$14="All",AF164='Dash 2'!$B$14),OR('Dash 2'!$B$16="All",AT164='Dash 2'!$B$16),OR('Dash 2'!$B$18="All",AU164='Dash 2'!$B$18)),1,0) -> 1
A165: 5197 | B165: 35 | C165: 0 | D165: 1 | E165: 2 | F165: 15 | G165: 1 | H165: 0 | I165: 5.37 | J165: 8.17 | K165: 8.88 | L165: 5.48 | M165: 4.68 | N165: 0 | O165: 0 | P165: 0 | Q165: 0 | R165: 1 | S165: 0 | T165: 2.8 | U165: 3.21 | V165: 1 | W165: 0 | X165: 1 | Y165: 1 | Z165: 0 | AA165: 0 | AB165: 1 | AC165: Male | AD165: African American | AE165: Bachelor's | AF165: Yes | AG165: No | AH165: No | AI165: No | AJ165: No | AK165: Yes | AL165: No | AM165: Yes | AN165: No | AO165: Yes | AP165: Yes | AQ165: No | AR165: No | AS165: Positive | AT165: 30-44 | AU165: Underweight | AV165: 0.87 | AW165: 3 | AX165: 1 | AY165: =IF(AND(OR(Overview!$B$10="All",AC165=Overview!$B$10),OR(Overview!$B$12="All",AD165=Overview!$B$12),OR(Overview!$B$14="All",AF165=Overview!$B$14),OR(Overview!$B$16="All",AT165=Overview!$B$16),OR(Overview!$B$18="All",AU165=Overview!$B$18)),1,0) -> 1 | AZ165: =IF(AND(OR('Dash 1'!$B$10="All",AC165='Dash 1'!$B$10),OR('Dash 1'!$B$12="All",AD165='Dash 1'!$B$12),OR('Dash 1'!$B$14="All",AF165='Dash 1'!$B$14),OR('Dash 1'!$B$16="All",AT165='Dash 1'!$B$16),OR('Dash 1'!$B$18="All",AU165='Dash 1'!$B$18)),1,0) -> 1 | BA165: =IF(AND(OR('Dash 2'!$B$10="All",AC165='Dash 2'!$B$10),OR('Dash 2'!$B$12="All",AD165='Dash 2'!$B$12),OR('Dash 2'!$B$14="All",AF165='Dash 2'!$B$14),OR('Dash 2'!$B$16="All",AT165='Dash 2'!$B$16),OR('Dash 2'!$B$18="All",AU165='Dash 2'!$B$18)),1,0) -> 1
A166: 5198 | B166: 36 | C166: 1 | D166: 0 | E166: 2 | F166: 29.17 | G166: 0 | H166: 4.47 | I166: 3.63 | J166: 6.1 | K166: 3.97 | L166: 7.44 | M166: 4.37 | N166: 0 | O166: 0 | P166: 0 | Q166: 0 | R166: 0 | S166: 1 | T166: 3.16 | U166: 4.01 | V166: 0 | W166: 0 | X166: 0 | Y166: 0 | Z166: 0 | AA166: 0 | AB166: 0 | AC166: Female | AD166: Caucasian | AE166: Bachelor's | AF166: No | AG166: No | AH166: No | AI166: No | AJ166: No | AK166: No | AL166: Yes | AM166: No | AN166: No | AO166: No | AP166: No | AQ166: No | AR166: No | AS166: Negative | AT166: 30-44 | AU166: Overweight | AV166: 0.79 | AW166: 0 | AX166: 1 | AY166: =IF(AND(OR(Overview!$B$10="All",AC166=Overview!$B$10),OR(Overview!$B$12="All",AD166=Overview!$B$12),OR(Overview!$B$14="All",AF166=Overview!$B$14),OR(Overview!$B$16="All",AT166=Overview!$B$16),OR(Overview!$B$18="All",AU166=Overview!$B$18)),1,0) -> 1 | AZ166: =IF(AND(OR('Dash 1'!$B$10="All",AC166='Dash 1'!$B$10),OR('Dash 1'!$B$12="All",AD166='Dash 1'!$B$12),OR('Dash 1'!$B$14="All",AF166='Dash 1'!$B$14),OR('Dash 1'!$B$16="All",AT166='Dash 1'!$B$16),OR('Dash 1'!$B$18="All",AU166='Dash 1'!$B$18)),1,0) -> 1 | BA166: =IF(AND(OR('Dash 2'!$B$10="All",AC166='Dash 2'!$B$10),OR('Dash 2'!$B$12="All",AD166='Dash 2'!$B$12),OR('Dash 2'!$B$14="All",AF166='Dash 2'!$B$14),OR('Dash 2'!$B$16="All",AT166='Dash 2'!$B$16),OR('Dash 2'!$B$18="All",AU166='Dash 2'!$B$18)),1,0) -> 1
A167: 5199 | B167: 66 | C167: 1 | D167: 0 | E167: 2 | F167: 26.51 | G167: 0 | H167: 4.44 | I167: 9.29 | J167: 7.69 | K167: 3.38 | L167: 5.14 | M167: 7.83 | N167: 0 | O167: 0 | P167: 0 | Q167: 0 | R167: 0 | S167: 0 | T167: 3.2 | U167: 3.55 | V167: 0 | W167: 1 | X167: 0 | Y167: 1 | Z167: 0 | AA167: 0 | AB167: 0 | AC167: Female | AD167: Caucasian | AE167: Bachelor's | AF167: No | AG167: No | AH167: No | AI167: No | AJ167: No | AK167: No | AL167: No | AM167: No | AN167: Yes | AO167: No | AP167: Yes | AQ167: No | AR167: No | AS167: Negative | AT167: 60+ | AU167: Overweight | AV167: 0.9 | AW167: 2 | AX167: 0 | AY167: =IF(AND(OR(Overview!$B$10="All",AC167=Overview!$B$10),OR(Overview!$B$12="All",AD167=Overview!$B$12),OR(Overview!$B$14="All",AF167=Overview!$B$14),OR(Overview!$B$16="All",AT167=Overview!$B$16),OR(Overview!$B$18="All",AU167=Overview!$B$18)),1,0) -> 1 | AZ167: =IF(AND(OR('Dash 1'!$B$10="All",AC167='Dash 1'!$B$10),OR('Dash 1'!$B$12="All",AD167='Dash 1'!$B$12),OR('Dash 1'!$B$14="All",AF167='Dash 1'!$B$14),OR('Dash 1'!$B$16="All",AT167='Dash 1'!$B$16),OR('Dash 1'!$B$18="All",AU167='Dash 1'!$B$18)),1,0) -> 1 | BA167: =IF(AND(OR('Dash 2'!$B$10="All",AC167='Dash 2'!$B$10),OR('Dash 2'!$B$12="All",AD167='Dash 2'!$B$12),OR('Dash 2'!$B$14="All",AF167='Dash 2'!$B$14),OR('Dash 2'!$B$16="All",AT167='Dash 2'!$B$16),OR('Dash 2'!$B$18="All",AU167='Dash 2'!$B$18)),1,0) -> 1
A168: 5200 | B168: 29 | C168: 0 | D168: 0 | E168: 1 | F168: 27.5 | G168: 1 | H168: 0.3 | I168: 6.38 | J168: 4.93 | K168: 7.64 | L168: 8.89 | M168: 5.6 | N168: 0 | O168: 1 | P168: 1 | Q168: 0 | R168: 1 | S168: 0 | T168: 1.99 | U168: 2.72 | V168: 1 | W168: 1 | X168: 1 | Y168: 1 | Z168: 1 | AA168: 1 | AB168: 1 | AC168: Male | AD168: Caucasian | AE168: High School | AF168: Yes | AG168: No | AH168: Yes | AI168: Yes | AJ168: No | AK168: Yes | AL168: No | AM168: Yes | AN168: Yes | AO168: Yes | AP168: Yes | AQ168: Yes | AR168: Yes | AS168: Positive | AT168: 18-29 | AU168: Overweight | AV168: 0.73 | AW168: 6 | AX168: 3 | AY168: =IF(AND(OR(Overview!$B$10="All",AC168=Overview!$B$10),OR(Overview!$B$12="All",AD168=Overview!$B$12),OR(Overview!$B$14="All",AF168=Overview!$B$14),OR(Overview!$B$16="All",AT168=Overview!$B$16),OR(Overview!$B$18="All",AU168=Overview!$B$18)),1,0) -> 1 | AZ168: =IF(AND(OR('Dash 1'!$B$10="All",AC168='Dash 1'!$B$10),OR('Dash 1'!$B$12="All",AD168='Dash 1'!$B$12),OR('Dash 1'!$B$14="All",AF168='Dash 1'!$B$14),OR('Dash 1'!$B$16="All",AT168='Dash 1'!$B$16),OR('Dash 1'!$B$18="All",AU168='Dash 1'!$B$18)),1,0) -> 1 | BA168: =IF(AND(OR('Dash 2'!$B$10="All",AC168='Dash 2'!$B$10),OR('Dash 2'!$B$12="All",AD168='Dash 2'!$B$12),OR('Dash 2'!$B$14="All",AF168='Dash 2'!$B$14),OR('Dash 2'!$B$16="All",AT168='Dash 2'!$B$16),OR('Dash 2'!$B$18="All",AU168='Dash 2'!$B$18)),1,0) -> 1
A169: 5201 | B169: 17 | C169: 1 | D169: 0 | E169: 2 | F169: 23.99 | G169: 0 | H169: 4.84 | I169: 1.89 | J169: 9.89 | K169: 8.04 | L169: 10 | M169: 2.82 | N169: 0 | O169: 0 | P169: 0 | Q169: 1 | R169: 0 | S169: 0 | T169: 2.76 | U169: 3.42 | V169: 0 | W169: 0 | X169: 0 | Y169: 1 | Z169: 0 | AA169: 0 | AB169: 0 | AC169: Female | AD169: Caucasian | AE169: Bachelor's | AF169: No | AG169: No | AH169: No | AI169: No | AJ169: Yes | AK169: No | AL169: No | AM169: No | AN169: No | AO169: No | AP169: Yes | AQ169: No | AR169: No | AS169: Negative | AT169: 0-17 (Child) | AU169: Normal | AV169: 0.81 | AW169: 1 | AX169: 1 | AY169: =IF(AND(OR(Overview!$B$10="All",AC169=Overview!$B$10),OR(Overview!$B$12="All",AD169=Overview!$B$12),OR(Overview!$B$14="All",AF169=Overview!$B$14),OR(Overview!$B$16="All",AT169=Overview!$B$16),OR(Overview!$B$18="All",AU169=Overview!$B$18)),1,0) -> 1 | AZ169: =IF(AND(OR('Dash 1'!$B$10="All",AC169='Dash 1'!$B$10),OR('Dash 1'!$B$12="All",AD169='Dash 1'!$B$12),OR('Dash 1'!$B$14="All",AF169='Dash 1'!$B$14),OR('Dash 1'!$B$16="All",AT169='Dash 1'!$B$16),OR('Dash 1'!$B$18="All",AU169='Dash 1'!$B$18)),1,0) -> 1 | BA169: =IF(AND(OR('Dash 2'!$B$10="All",AC169='Dash 2'!$B$10),OR('Dash 2'!$B$12="All",AD169='Dash 2'!$B$12),OR('Dash 2'!$B$14="All",AF169='Dash 2'!$B$14),OR('Dash 2'!$B$16="All",AT169='Dash 2'!$B$16),OR('Dash 2'!$B$18="All",AU169='Dash 2'!$B$18)),1,0) -> 1
A170: 5202 | B170: 30 | C170: 1 | D170: 1 | E170: 1 | F170: 23.12 | G170: 0 | H170: 0.45 | I170: 1.27 | J170: 5.13 | K170: 2.21 | L170: 4.68 | M170: 2.68 | N170: 0 | O170: 0 | P170: 0 | Q170: 0 | R170: 0 | S170: 0 | T170: 3.27 | U170: 3.78 | V170: 0 | W170: 0 | X170: 0 | Y170: 1 | Z170: 1 | AA170: 0 | AB170: 0 | AC170: Female | AD170: African American | AE170: High School | AF170: No | AG170: No | AH170: No | AI170: No | AJ170: No | AK170: No | AL170: No | AM170: No | AN170: No | AO170: No | AP170: Yes | AQ170: Yes | AR170: No | AS170: Negative | AT170: 30-44 | AU170: Normal | AV170: 0.86 | AW170: 2 | AX170: 0 | AY170: =IF(AND(OR(Overview!$B$10="All",AC170=Overview!$B$10),OR(Overview!$B$12="All",AD170=Overview!$B$12),OR(Overview!$B$14="All",AF170=Overview!$B$14),OR(Overview!$B$16="All",AT170=Overview!$B$16),OR(Overview!$B$18="All",AU170=Overview!$B$18)),1,0) -> 1 | AZ170: =IF(AND(OR('Dash 1'!$B$10="All",AC170='Dash 1'!$B$10),OR('Dash 1'!$B$12="All",AD170='Dash 1'!$B$12),OR('Dash 1'!$B$14="All",AF170='Dash 1'!$B$14),OR('Dash 1'!$B$16="All",AT170='Dash 1'!$B$16),OR('Dash 1'!$B$18="All",AU170='Dash 1'!$B$18)),1,0) -> 1 | BA170: =IF(AND(OR('Dash 2'!$B$10="All",AC170='Dash 2'!$B$10),OR('Dash 2'!$B$12="All",AD170='Dash 2'!$B$12),OR('Dash 2'!$B$14="All",AF170='Dash 2'!$B$14),OR('Dash 2'!$B$16="All",AT170='Dash 2'!$B$16),OR('Dash 2'!$B$18="All",AU170='Dash 2'!$B$18)),1,0) -> 1
A171: 5203 | B171: 6 | C171: 0 | D171: 1 | E171: 3 | F171: 24.15 | G171: 0 | H171: 4.24 | I171: 3.42 | J171: 7.09 | K171: 4.63 | L171: 3.54 | M171: 8.78 | N171: 0 | O171: 0 | P171: 1 | Q171: 1 | R171: 1 | S171: 0 | T171: 2.63 | U171: 3.69 | V171: 0 | W171: 1 | X171: 0 | Y171: 0 | Z171: 0 | AA171: 1 | AB171: 0 | AC171: Male | AD171: African American | AE171: Higher | AF171: No | AG171: No | AH171: No | AI171: Yes | AJ171: Yes | AK171: Yes | AL171: No | AM171: No | AN171: Yes | AO171: No | AP171: No | AQ171: No | AR171: Yes | AS171: Negative | AT171: 0-17 (Child) | AU171: Normal | AV171: 0.71 | AW171: 2 | AX171: 3 | AY171: =IF(AND(OR(Overview!$B$10="All",AC171=Overview!$B$10),OR(Overview!$B$12="All",AD171=Overview!$B$12),OR(Overview!$B$14="All",AF171=Overview!$B$14),OR(Overview!$B$16="All",AT171=Overview!$B$16),OR(Overview!$B$18="All",AU171=Overview!$B$18)),1,0) -> 1 | AZ171: =IF(AND(OR('Dash 1'!$B$10="All",AC171='Dash 1'!$B$10),OR('Dash 1'!$B$12="All",AD171='Dash 1'!$B$12),OR('Dash 1'!$B$14="All",AF171='Dash 1'!$B$14),OR('Dash 1'!$B$16="All",AT171='Dash 1'!$B$16),OR('Dash 1'!$B$18="All",AU171='Dash 1'!$B$18)),1,0) -> 1 | BA171: =IF(AND(OR('Dash 2'!$B$10="All",AC171='Dash 2'!$B$10),OR('Dash 2'!$B$12="All",AD171='Dash 2'!$B$12),OR('Dash 2'!$B$14="All",AF171='Dash 2'!$B$14),OR('Dash 2'!$B$16="All",AT171='Dash 2'!$B$16),OR('Dash 2'!$B$18="All",AU171='Dash 2'!$B$18)),1,0) -> 1
... A182: 5214 | B182: 76 | C182: 1 | D182: 2 | E182: 1 | F182: 20.86 | G182: 0 | H182: 4.63 | I182: 5.19 | J182: 7.48 | K182: 10 | L182: 3.35 | M182: 4.45 | N182: 0 | O182: 0 | P182: 1 | Q182: 0 | R182: 0 | S182: 0 | T182: 2.59 | U182: 3.09 | V182: 1 | W182: 1 | X182: 1 | Y182: 0 | Z182: 1 | AA182: 1 | AB182: 1 | AC182: Female | AD182: Asian | AE182: High School | AF182: No | AG182: No | AH182: No | AI182: Yes | AJ182: No | AK182: No | AL182: No | AM182: Yes | AN182: Yes | AO182: Yes | AP182: No | AQ182: Yes | AR182: Yes | AS182: Positive | AT182: 60+ | AU182: Normal | AV182: 0.84 | AW182: 5 | AX182: 1 | AY182: =IF(AND(OR(Overview!$B$10="All",AC182=Overview!$B$10),OR(Overview!$B$12="All",AD182=Overview!$B$12),OR(Overview!$B$14="All",AF182=Overview!$B$14),OR(Overview!$B$16="All",AT182=Overview!$B$16),OR(Overview!$B$18="All",AU182=Overview!$B$18)),1,0) -> 1 | AZ182: =IF(AND(OR('Dash 1'!$B$10="All",AC182='Dash 1'!$B$10),OR('Dash 1'!$B$12="All",AD182='Dash 1'!$B$12),OR('Dash 1'!$B$14="All",AF182='Dash 1'!$B$14),OR('Dash 1'!$B$16="All",AT182='Dash 1'!$B$16),OR('Dash 1'!$B$18="All",AU182='Dash 1'!$B$18)),1,0) -> 1 | BA182: =IF(AND(OR('Dash 2'!$B$10="All",AC182='Dash 2'!$B$10),OR('Dash 2'!$B$12="All",AD182='Dash 2'!$B$12),OR('Dash 2'!$B$14="All",AF182='Dash 2'!$B$14),OR('Dash 2'!$B$16="All",AT182='Dash 2'!$B$16),OR('Dash 2'!$B$18="All",AU182='Dash 2'!$B$18)),1,0) -> 1
A183: 5215 | B183: 16 | C183: 0 | D183: 2 | E183: 0 | F183: 15.91 | G183: 0 | H183: 10 | I183: 8.91 | J183: 7.94 | K183: 9.93 | L183: 2.39 | M183: 6.43 | N183: 0 | O183: 0 | P183: 0 | Q183: 0 | R183: 0 | S183: 0 | T183: 2.56 | U183: 3.27 | V183: 0 | W183: 1 | X183: 1 | Y183: 1 | Z183: 1 | AA183: 0 | AB183: 1 | AC183: Male | AD183: Asian | AF183: No | AG183: No | AH183: No | AI183: No | AJ183: No | AK183: No | AL183: No | AM183: No | AN183: Yes | AO183: Yes | AP183: Yes | AQ183: Yes | AR183: No | AS183: Positive | AT183: 0-17 (Child) | AU183: Underweight | AV183: 0.78 | AW183: 4 | AX183: 0 | AY183: =IF(AND(OR(Overview!$B$10="All",AC183=Overview!$B$10),OR(Overview!$B$12="All",AD183=Overview!$B$12),OR(Overview!$B$14="All",AF183=Overview!$B$14),OR(Overview!$B$16="All",AT183=Overview!$B$16),OR(Overview!$B$18="All",AU183=Overview!$B$18)),1,0) -> 1 | AZ183: =IF(AND(OR('Dash 1'!$B$10="All",AC183='Dash 1'!$B$10),OR('Dash 1'!$B$12="All",AD183='Dash 1'!$B$12),OR('Dash 1'!$B$14="All",AF183='Dash 1'!$B$14),OR('Dash 1'!$B$16="All",AT183='Dash 1'!$B$16),OR('Dash 1'!$B$18="All",AU183='Dash 1'!$B$18)),1,0) -> 1 | BA183: =IF(AND(OR('Dash 2'!$B$10="All",AC183='Dash 2'!$B$10),OR('Dash 2'!$B$12="All",AD183='Dash 2'!$B$12),OR('Dash 2'!$B$14="All",AF183='Dash 2'!$B$14),OR('Dash 2'!$B$16="All",AT183='Dash 2'!$B$16),OR('Dash 2'!$B$18="All",AU183='Dash 2'!$B$18)),1,0) -> 1
A184: 5216 | B184: 42 | C184: 1 | D184: 0 | E184: 1 | F184: 25.12 | G184: 0 | H184: 4.69 | I184: 2.28 | J184: 7.35 | K184: 3.73 | L184: 4.65 | M184: 1.33 | N184: 0 | O184: 0 | P184: 1 | Q184: 0 | R184: 0 | S184: 0 | T184: 3.46 | U184: 4.63 | V184: 0 | W184: 0 | X184: 0 | Y184: 0 | Z184: 1 | AA184: 0 | AB184: 0 | AC184: Female | AD184: Caucasian | AE184: High School | AF184: No | AG184: No | AH184: No | AI184: Yes | AJ184: No | AK184: No | AL184: No | AM184: No | AN184: No | AO184: No | AP184: No | AQ184: Yes | AR184: No | AS184: Negative | AT184: 30-44 | AU184: Overweight | AV184: 0.75 | AW184: 1 | AX184: 1 | AY184: =IF(AND(OR(Overview!$B$10="All",AC184=Overview!$B$10),OR(Overview!$B$12="All",AD184=Overview!$B$12),OR(Overview!$B$14="All",AF184=Overview!$B$14),OR(Overview!$B$16="All",AT184=Overview!$B$16),OR(Overview!$B$18="All",AU184=Overview!$B$18)),1,0) -> 1 | AZ184: =IF(AND(OR('Dash 1'!$B$10="All",AC184='Dash 1'!$B$10),OR('Dash 1'!$B$12="All",AD184='Dash 1'!$B$12),OR('Dash 1'!$B$14="All",AF184='Dash 1'!$B$14),OR('Dash 1'!$B$16="All",AT184='Dash 1'!$B$16),OR('Dash 1'!$B$18="All",AU184='Dash 1'!$B$18)),1,0) -> 1 | BA184: =IF(AND(OR('Dash 2'!$B$10="All",AC184='Dash 2'!$B$10),OR('Dash 2'!$B$12="All",AD184='Dash 2'!$B$12),OR('Dash 2'!$B$14="All",AF184='Dash 2'!$B$14),OR('Dash 2'!$B$16="All",AT184='Dash 2'!$B$16),OR('Dash 2'!$B$18="All",AU184='Dash 2'!$B$18)),1,0) -> 1
A185: 5217 | B185: 57 | C185: 0 | D185: 1 | E185: 1 | F185: 34.05 | G185: 0 | H185: 4.39 | I185: 10 | J185: 7.86 | K185: 10 | L185: 8.77 | M185: 4.47 | N185: 0 | O185: 0 | P185: 0 | Q185: 0 | R185: 0 | S185: 0 | T185: 3.06 | U185: 3.57 | V185: 0 | W185: 0 | X185: 1 | Y185: 1 | Z185: 0 | AA185: 0 | AB185: 0 | AC185: Male | AD185: African American | AE185: High School | AF185: No | AG185: No | AH185: No | AI185: No | AJ185: No | AK185: No | AL185: No | AM185: No | AN185: No | AO185: Yes | AP185: Yes | AQ185: No | AR185: No | AS185: Negative | AT185: 45-59 | AU185: Obese | AV185: 0.86 | AW185: 2 | AX185: 0 | AY185: =IF(AND(OR(Overview!$B$10="All",AC185=Overview!$B$10),OR(Overview!$B$12="All",AD185=Overview!$B$12),OR(Overview!$B$14="All",AF185=Overview!$B$14),OR(Overview!$B$16="All",AT185=Overview!$B$16),OR(Overview!$B$18="All",AU185=Overview!$B$18)),1,0) -> 1 | AZ185: =IF(AND(OR('Dash 1'!$B$10="All",AC185='Dash 1'!$B$10),OR('Dash 1'!$B$12="All",AD185='Dash 1'!$B$12),OR('Dash 1'!$B$14="All",AF185='Dash 1'!$B$14),OR('Dash 1'!$B$16="All",AT185='Dash 1'!$B$16),OR('Dash 1'!$B$18="All",AU185='Dash 1'!$B$18)),1,0) -> 1 | BA185: =IF(AND(OR('Dash 2'!$B$10="All",AC185='Dash 2'!$B$10),OR('Dash 2'!$B$12="All",AD185='Dash 2'!$B$12),OR('Dash 2'!$B$14="All",AF185='Dash 2'!$B$14),OR('Dash 2'!$B$16="All",AT185='Dash 2'!$B$16),OR('Dash 2'!$B$18="All",AU185='Dash 2'!$B$18)),1,0) -> 1
A186: 5218 | B186: 42 | C186: 0 | D186: 1 | E186: 0 | F186: 25.41 | G186: 0 | H186: 4.07 | I186: 4.61 | J186: 5.83 | K186: 7.34 | L186: 6.71 | M186: 6.69 | N186: 0 | O186: 0 | P186: 0 | Q186: 0 | R186: 1 | S186: 0 | T186: 3.16 | U186: 3.9 | V186: 1 | W186: 1 | X186: 0 | Y186: 1 | Z186: 0 | AA186: 1 | AB186: 1 | AC186: Male | AD186: African American | AF186: No | AG186: No | AH186: No | AI186: No | AJ186: No | AK186: Yes | AL186: No | AM186: Yes | AN186: Yes | AO186: No | AP186: Yes | AQ186: No | AR186: Yes | AS186: Positive | AT186: 30-44 | AU186: Overweight | AV186: 0.81 | AW186: 4 | AX186: 1 | AY186: =IF(AND(OR(Overview!$B$10="All",AC186=Overview!$B$10),OR(Overview!$B$12="All",AD186=Overview!$B$12),OR(Overview!$B$14="All",AF186=Overview!$B$14),OR(Overview!$B$16="All",AT186=Overview!$B$16),OR(Overview!$B$18="All",AU186=Overview!$B$18)),1,0) -> 1 | AZ186: =IF(AND(OR('Dash 1'!$B$10="All",AC186='Dash 1'!$B$10),OR('Dash 1'!$B$12="All",AD186='Dash 1'!$B$12),OR('Dash 1'!$B$14="All",AF186='Dash 1'!$B$14),OR('Dash 1'!$B$16="All",AT186='Dash 1'!$B$16),OR('Dash 1'!$B$18="All",AU186='Dash 1'!$B$18)),1,0) -> 1 | BA186: =IF(AND(OR('Dash 2'!$B$10="All",AC186='Dash 2'!$B$10),OR('Dash 2'!$B$12="All",AD186='Dash 2'!$B$12),OR('Dash 2'!$B$14="All",AF186='Dash 2'!$B$14),OR('Dash 2'!$B$16="All",AT186='Dash 2'!$B$16),OR('Dash 2'!$B$18="All",AU186='Dash 2'!$B$18)),1,0) -> 1
A187: 5219 | B187: 38 | C187: 0 | D187: 2 | E187: 2 | F187: 29.22 | G187: 0 | H187: 2.86 | I187: 6.59 | J187: 7.51 | K187: 3.39 | L187: 5.45 | M187: 6.7 | N187: 0 | O187: 0 | P187: 0 | Q187: 0 | R187: 0 | S187: 0 | T187: 3.37 | U187: 4.82 | V187: 0 | W187: 0 | X187: 0 | Y187: 0 | Z187: 0 | AA187: 0 | AB187: 1 | AC187: Male | AD187: Asian | AE187: Bachelor's | AF187: No | AG187: No | AH187: No | AI187: No | AJ187: No | AK187: No | AL187: No | AM187: No | AN187: No | AO187: No | AP187: No | AQ187: No | AR187: No | AS187: Positive | AT187: 30-44 | AU187: Overweight | AV187: 0.7 | AW187: 0 | AX187: 0 | AY187: =IF(AND(OR(Overview!$B$10="All",AC187=Overview!$B$10),OR(Overview!$B$12="All",AD187=Overview!$B$12),OR(Overview!$B$14="All",AF187=Overview!$B$14),OR(Overview!$B$16="All",AT187=Overview!$B$16),OR(Overview!$B$18="All",AU187=Overview!$B$18)),1,0) -> 1 | AZ187: =IF(AND(OR('Dash 1'!$B$10="All",AC187='Dash 1'!$B$10),OR('Dash 1'!$B$12="All",AD187='Dash 1'!$B$12),OR('Dash 1'!$B$14="All",AF187='Dash 1'!$B$14),OR('Dash 1'!$B$16="All",AT187='Dash 1'!$B$16),OR('Dash 1'!$B$18="All",AU187='Dash 1'!$B$18)),1,0) -> 1 | BA187: =IF(AND(OR('Dash 2'!$B$10="All",AC187='Dash 2'!$B$10),OR('Dash 2'!$B$12="All",AD187='Dash 2'!$B$12),OR('Dash 2'!$B$14="All",AF187='Dash 2'!$B$14),OR('Dash 2'!$B$16="All",AT187='Dash 2'!$B$16),OR('Dash 2'!$B$18="All",AU187='Dash 2'!$B$18)),1,0) -> 1
A188: 5220 | B188: 17 | C188: 1 | D188: 0 | E188: 2 | F188: 38.76 | G188: 1 | H188: 5.31 | I188: 7.28 | J188: 8.69 | K188: 0 | L188: 8.97 | M188: 3.57 | N188: 0 | O188: 0 | P188: 1 | Q188: 0 | R188: 0 | S188: 0 | T188: 3.16 | U188: 4.13 | V188: 1 | W188: 1 | X188: 1 | Y188: 1 | Z188: 1 | AA188: 1 | AB188: 1 | AC188: Female | AD188: Caucasian | AE188: Bachelor's | AF188: Yes | AG188: No | AH188: No | AI188: Yes | AJ188: No | AK188: No | AL188: No | AM188: Yes | AN188: Yes | AO188: Yes | AP188: Yes | AQ188: Yes | AR188: Yes | AS188: Positive | AT188: 0-17 (Child) | AU188: Obese | AV188: 0.77 | AW188: 6 | AX188: 1 | AY188: =IF(AND(OR(Overview!$B$10="All",AC188=Overview!$B$10),OR(Overview!$B$12="All",AD188=Overview!$B$12),OR(Overview!$B$14="All",AF188=Overview!$B$14),OR(Overview!$B$16="All",AT188=Overview!$B$16),OR(Overview!$B$18="All",AU188=Overview!$B$18)),1,0) -> 1 | AZ188: =IF(AND(OR('Dash 1'!$B$10="All",AC188='Dash 1'!$B$10),OR('Dash 1'!$B$12="All",AD188='Dash 1'!$B$12),OR('Dash 1'!$B$14="All",AF188='Dash 1'!$B$14),OR('Dash 1'!$B$16="All",AT188='Dash 1'!$B$16),OR('Dash 1'!$B$18="All",AU188='Dash 1'!$B$18)),1,0) -> 1 | BA188: =IF(AND(OR('Dash 2'!$B$10="All",AC188='Dash 2'!$B$10),OR('Dash 2'!$B$12="All",AD188='Dash 2'!$B$12),OR('Dash 2'!$B$14="All",AF188='Dash 2'!$B$14),OR('Dash 2'!$B$16="All",AT188='Dash 2'!$B$16),OR('Dash 2'!$B$18="All",AU188='Dash 2'!$B$18)),1,0) -> 1
A189: 5221 | B189: 33 | C189: 1 | D189: 3 | E189: 0 | F189: 29.02 | G189: 1 | H189: 2.29 | I189: 4.1 | J189: 4.42 | K189: 6.72 | L189: 8.49 | M189: 2.45 | N189: 0 | O189: 0 | P189: 0 | Q189: 0 | R189: 0 | S189: 0 | T189: 2.71 | U189: 3.45 | V189: 1 | W189: 1 | X189: 1 | Y189: 1 | Z189: 1 | AA189: 0 | AB189: 1 | AC189: Female | AD189: Other | AF189: Yes | AG189: No | AH189: No | AI189: No | AJ189: No | AK189: No | AL189: No | AM189: Yes | AN189: Yes | AO189: Yes | AP189: Yes | AQ189: Yes | AR189: No | AS189: Positive | AT189: 30-44 | AU189: Overweight | AV189: 0.78 | AW189: 5 | AX189: 0 | AY189: =IF(AND(OR(Overview!$B$10="All",AC189=Overview!$B$10),OR(Overview!$B$12="All",AD189=Overview!$B$12),OR(Overview!$B$14="All",AF189=Overview!$B$14),OR(Overview!$B$16="All",AT189=Overview!$B$16),OR(Overview!$B$18="All",AU189=Overview!$B$18)),1,0) -> 1 | AZ189: =IF(AND(OR('Dash 1'!$B$10="All",AC189='Dash 1'!$B$10),OR('Dash 1'!$B$12="All",AD189='Dash 1'!$B$12),OR('Dash 1'!$B$14="All",AF189='Dash 1'!$B$14),OR('Dash 1'!$B$16="All",AT189='Dash 1'!$B$16),OR('Dash 1'!$B$18="All",AU189='Dash 1'!$B$18)),1,0) -> 1 | BA189: =IF(AND(OR('Dash 2'!$B$10="All",AC189='Dash 2'!$B$10),OR('Dash 2'!$B$12="All",AD189='Dash 2'!$B$12),OR('Dash 2'!$B$14="All",AF189='Dash 2'!$B$14),OR('Dash 2'!$B$16="All",AT189='Dash 2'!$B$16),OR('Dash 2'!$B$18="All",AU189='Dash 2'!$B$18)),1,0) -> 1
...

Sheet Calc
A1: KPI Summary — Overview (filtered) | F1: Diagnosis Rate by Smoking Status | L1: Symptom Prevalence (% of filtered patients)
A2: Total Patients | B2: =SUMPRODUCT(Data!$AY$2:$AY$2393) -> 2392 | F2: Category | G2: Total (filtered) | H2: Diagnosis Positive | I2: Diagnosis Rate | L2: Symptom | M2: Yes Count | N2: Total (filtered) | O2: Prevalence
A3: Diagnosis Positive Count | B3: =SUMPRODUCT((Data!$AY$2:$AY$2393=1)*(Data!$AB$2:$AB$2393=1)) -> 1171 | F3: Yes | G3: =SUMPRODUCT((Data!$AZ$2:$AZ$2393=1)*(Data!$AF$2:$AF$2393=F3)) -> 478 | H3: =SUMPRODUCT((Data!$AZ$2:$AZ$2393=1)*(Data!$AF$2:$AF$2393=F3)*(Data!$AB$2:$AB$2393=1)) -> 340 | I3: =IF(G3=0,0,H3/G3) -> 0.71129707 | L3: Wheezing | M3: =SUMPRODUCT((Data!$BA$2:$BA$2393=1)*(Data!$AM$2:$AM$2393="Yes")) -> 949 | N3: =SUMPRODUCT(Data!$BA$2:$BA$2393) -> 2392 | O3: =IF(N3=0,0,M3/N3) -> 0.39673913
A4: Diagnosis Rate | B4: =IF(B2=0,0,B3/B2) -> 0.48954849 | F4: No | G4: =SUMPRODUCT((Data!$AZ$2:$AZ$2393=1)*(Data!$AF$2:$AF$2393=F4)) -> 1914 | H4: =SUMPRODUCT((Data!$AZ$2:$AZ$2393=1)*(Data!$AF$2:$AF$2393=F4)*(Data!$AB$2:$AB$2393=1)) -> 831 | I4: =IF(G4=0,0,H4/G4) -> 0.43416928 | L4: Shortness of Breath | M4: =SUMPRODUCT((Data!$BA$2:$BA$2393=1)*(Data!$AN$2:$AN$2393="Yes")) -> 968 | N4: =SUMPRODUCT(Data!$BA$2:$BA$2393) -> 2392 | O4: =IF(N4=0,0,M4/N4) -> 0.40468227
A5: Avg BMI | B5: =IF(B2=0,0,SUMPRODUCT((Data!$AY$2:$AY$2393=1)*(Data!$F$2:$F$2393))/B2) -> 26.131961 | L5: Chest Tightness | M5: =SUMPRODUCT((Data!$BA$2:$BA$2393=1)*(Data!$AO$2:$AO$2393="Yes")) -> 841 | N5: =SUMPRODUCT(Data!$BA$2:$BA$2393) -> 2392 | O5: =IF(N5=0,0,M5/N5) -> 0.35158863
A6: Avg Symptom Count | B6: =IF(B2=0,0,SUMPRODUCT((Data!$AY$2:$AY$2393=1)*(Data!$AW$2:$AW$2393))/B2) -> 2.3858696 | F6: Diagnosis Rate by BMI Category | L6: Coughing | M6: =SUMPRODUCT((Data!$BA$2:$BA$2393=1)*(Data!$AP$2:$AP$2393="Yes")) -> 1112 | N6: =SUMPRODUCT(Data!$BA$2:$BA$2393) -> 2392 | O6: =IF(N6=0,0,M6/N6) -> 0.46488294
A7: Smoking Rate | B7: =IF(B2=0,0,SUMPRODUCT((Data!$AY$2:$AY$2393=1)*(Data!$G$2:$G$2393=1))/B2) -> 0.19983278 | F7: Category | G7: Total (filtered) | H7: Diagnosis Positive | I7: Diagnosis Rate | L7: Nighttime Symptoms | M7: =SUMPRODUCT((Data!$BA$2:$BA$2393=1)*(Data!$AQ$2:$AQ$2393="Yes")) -> 858 | N7: =SUMPRODUCT(Data!$BA$2:$BA$2393) -> 2392 | O7: =IF(N7=0,0,M7/N7) -> 0.35869565
F8: Underweight | G8: =SUMPRODUCT((Data!$AZ$2:$AZ$2393=1)*(Data!$AU$2:$AU$2393=F8)) -> 159 | H8: =SUMPRODUCT((Data!$AZ$2:$AZ$2393=1)*(Data!$AU$2:$AU$2393=F8)*(Data!$AB$2:$AB$2393=1)) -> 88 | I8: =IF(G8=0,0,H8/G8) -> 0.55345912 | L8: Exercise Induced | M8: =SUMPRODUCT((Data!$BA$2:$BA$2393=1)*(Data!$AR$2:$AR$2393="Yes")) -> 979 | N8: =SUMPRODUCT(Data!$BA$2:$BA$2393) -> 2392 | O8: =IF(N8=0,0,M8/N8) -> 0.40928094
A9: Diagnosis Rate by Gender | F9: Normal | G9: =SUMPRODUCT((Data!$AZ$2:$AZ$2393=1)*(Data!$AU$2:$AU$2393=F9)) -> 856 | H9: =SUMPRODUCT((Data!$AZ$2:$AZ$2393=1)*(Data!$AU$2:$AU$2393=F9)*(Data!$AB$2:$AB$2393=1)) -> 386 | I9: =IF(G9=0,0,H9/G9) -> 0.45093458
A10: Category | B10: Total (filtered) | C10: Diagnosis Positive | D10: Diagnosis Rate | F10: Overweight | G10: =SUMPRODUCT((Data!$AZ$2:$AZ$2393=1)*(Data!$AU$2:$AU$2393=F10)) -> 848 | H10: =SUMPRODUCT((Data!$AZ$2:$AZ$2393=1)*(Data!$AU$2:$AU$2393=F10)*(Data!$AB$2:$AB$2393=1)) -> 429 | I10: =IF(G10=0,0,H10/G10) -> 0.50589623
A11: Male | B11: =SUMPRODUCT((Data!$AY$2:$AY$2393=1)*(Data!$AC$2:$AC$2393=A11)) -> 1236 | C11: =SUMPRODUCT((Data!$AY$2:$AY$2393=1)*(Data!$AC$2:$AC$2393=A11)*(Data!$AB$2:$AB$2393=1)) -> 608 | D11: =IF(B11=0,0,C11/B11) -> 0.49190939 | F11: Obese | G11: =SUMPRODUCT((Data!$AZ$2:$AZ$2393=1)*(Data!$AU$2:$AU$2393=F11)) -> 529 | H11: =SUMPRODUCT((Data!$AZ$2:$AZ$2393=1)*(Data!$AU$2:$AU$2393=F11)*(Data!$AB$2:$AB$2393=1)) -> 268 | I11: =IF(G11=0,0,H11/G11) -> 0.50661626 | L11: Avg FEV1/FVC Ratio by Diagnosis
A12: Female | B12: =SUMPRODUCT((Data!$AY$2:$AY$2393=1)*(Data!$AC$2:$AC$2393=A12)) -> 1156 | C12: =SUMPRODUCT((Data!$AY$2:$AY$2393=1)*(Data!$AC$2:$AC$2393=A12)*(Data!$AB$2:$AB$2393=1)) -> 563 | D12: =IF(B12=0,0,C12/B12) -> 0.48702422 | L12: Diagnosis | M12: Total (filtered) | N12: Sum FEV1/FVC | O12: Avg FEV1/FVC Ratio
F13: Diagnosis Rate by Ethnicity | L13: Negative | M13: =SUMPRODUCT((Data!$BA$2:$BA$2393=1)*(Data!$AS$2:$AS$2393=L13)) -> 1221 | N13: =SUMPRODUCT((Data!$BA$2:$BA$2393=1)*(Data!$AS$2:$AS$2393=L13)*(Data!$AV$2:$AV$2393)) -> 980.16 | O13: =IF(M13=0,0,N13/M13) -> 0.80275184
A14: Diagnosis Rate by Age Group | F14: Category | G14: Total (filtered) | H14: Diagnosis Positive | I14: Diagnosis Rate | L14: Positive | M14: =SUMPRODUCT((Data!$BA$2:$BA$2393=1)*(Data!$AS$2:$AS$2393=L14)) -> 1171 | N14: =SUMPRODUCT((Data!$BA$2:$BA$2393=1)*(Data!$AS$2:$AS$2393=L14)*(Data!$AV$2:$AV$2393)) -> 914.11 | O14: =IF(M14=0,0,N14/M14) -> 0.7806234
A15: Category | B15: Total (filtered) | C15: Diagnosis Positive | D15: Diagnosis Rate | F15: Caucasian | G15: =SUMPRODUCT((Data!$AZ$2:$AZ$2393=1)*(Data!$AD$2:$AD$2393=F15)) -> 1334 | H15: =SUMPRODUCT((Data!$AZ$2:$AZ$2393=1)*(Data!$AD$2:$AD$2393=F15)*(Data!$AB$2:$AB$2393=1)) -> 650 | I15: =IF(G15=0,0,H15/G15) -> 0.48725637
A16: 0-17 (Child) | B16: =SUMPRODUCT((Data!$AY$2:$AY$2393=1)*(Data!$AT$2:$AT$2393=A16)) -> 426 | C16: =SUMPRODUCT((Data!$AY$2:$AY$2393=1)*(Data!$AT$2:$AT$2393=A16)*(Data!$AB$2:$AB$2393=1)) -> 220 | D16: =IF(B16=0,0,C16/B16) -> 0.51643192 | F16: African American | G16: =SUMPRODUCT((Data!$AZ$2:$AZ$2393=1)*(Data!$AD$2:$AD$2393=F16)) -> 478 | H16: =SUMPRODUCT((Data!$AZ$2:$AZ$2393=1)*(Data!$AD$2:$AD$2393=F16)*(Data!$AB$2:$AB$2393=1)) -> 227 | I16: =IF(G16=0,0,H16/G16) -> 0.4748954
A17: 18-29 | B17: =SUMPRODUCT((Data!$AY$2:$AY$2393=1)*(Data!$AT$2:$AT$2393=A17)) -> 372 | C17: =SUMPRODUCT((Data!$AY$2:$AY$2393=1)*(Data!$AT$2:$AT$2393=A17)*(Data!$AB$2:$AB$2393=1)) -> 174 | D17: =IF(B17=0,0,C17/B17) -> 0.46774194 | F17: Asian | G17: =SUMPRODUCT((Data!$AZ$2:$AZ$2393=1)*(Data!$AD$2:$AD$2393=F17)) -> 346 | H17: =SUMPRODUCT((Data!$AZ$2:$AZ$2393=1)*(Data!$AD$2:$AD$2393=F17)*(Data!$AB$2:$AB$2393=1)) -> 186 | I17: =IF(G17=0,0,H17/G17) -> 0.53757225 | L17: Patient Distribution by Ethnicity (filtered)
A18: 30-44 | B18: =SUMPRODUCT((Data!$AY$2:$AY$2393=1)*(Data!$AT$2:$AT$2393=A18)) -> 467 | C18: =SUMPRODUCT((Data!$AY$2:$AY$2393=1)*(Data!$AT$2:$AT$2393=A18)*(Data!$AB$2:$AB$2393=1)) -> 208 | D18: =IF(B18=0,0,C18/B18) -> 0.44539615 | F18: Other | G18: =SUMPRODUCT((Data!$AZ$2:$AZ$2393=1)*(Data!$AD$2:$AD$2393=F18)) -> 234 | H18: =SUMPRODUCT((Data!$AZ$2:$AZ$2393=1)*(Data!$AD$2:$AD$2393=F18)*(Data!$AB$2:$AB$2393=1)) -> 108 | I18: =IF(G18=0,0,H18/G18) -> 0.46153846 | L18: Ethnicity | M18: Total (filtered)
A19: 45-59 | B19: =SUMPRODUCT((Data!$AY$2:$AY$2393=1)*(Data!$AT$2:$AT$2393=A19)) -> 451 | C19: =SUMPRODUCT((Data!$AY$2:$AY$2393=1)*(Data!$AT$2:$AT$2393=A19)*(Data!$AB$2:$AB$2393=1)) -> 211 | D19: =IF(B19=0,0,C19/B19) -> 0.46784922 | L19: Caucasian | M19: =SUMPRODUCT((Data!$BA$2:$BA$2393=1)*(Data!$AD$2:$AD$2393=L19)) -> 1334
A20: 60+ | B20: =SUMPRODUCT((Data!$AY$2:$AY$2393=1)*(Data!$AT$2:$AT$2393=A20)) -> 676 | C20: =SUMPRODUCT((Data!$AY$2:$AY$2393=1)*(Data!$AT$2:$AT$2393=A20)*(Data!$AB$2:$AB$2393=1)) -> 358 | D20: =IF(B20=0,0,C20/B20) -> 0.5295858 | F20: Diagnosis Rate & Avg Symptom Count by Risk Factor Count | L20: African American | M20: =SUMPRODUCT((Data!$BA$2:$BA$2393=1)*(Data!$AD$2:$AD$2393=L20)) -> 478
F21: Risk Factor Count | G21: Total (filtered) | H21: Diagnosis Positive | I21: Diagnosis Rate | J21: Avg Symptom Count | L21: Asian | M21: =SUMPRODUCT((Data!$BA$2:$BA$2393=1)*(Data!$AD$2:$AD$2393=L21)) -> 346
F22: 0 | G22: =SUMPRODUCT((Data!$AZ$2:$AZ$2393=1)*(Data!$AX$2:$AX$2393=F22)) -> 932 | H22: =SUMPRODUCT((Data!$AZ$2:$AZ$2393=1)*(Data!$AX$2:$AX$2393=F22)*(Data!$AB$2:$AB$2393=1)) -> 337 | I22: =IF(G22=0,0,H22/G22) -> 0.36158798 | J22: =IF(G22=0,0,SUMPRODUCT((Data!$AZ$2:$AZ$2393=1)*(Data!$AX$2:$AX$2393=F22)*(Data!$AW$2:$AW$2393))/G22) -> 1.8197425 | L22: Other | M22: =SUMPRODUCT((Data!$BA$2:$BA$2393=1)*(Data!$AD$2:$AD$2393=L22)) -> 234
F23: 1 | G23: =SUMPRODUCT((Data!$AZ$2:$AZ$2393=1)*(Data!$AX$2:$AX$2393=F23)) -> 715 | H23: =SUMPRODUCT((Data!$AZ$2:$AZ$2393=1)*(Data!$AX$2:$AX$2393=F23)*(Data!$AB$2:$AB$2393=1)) -> 331 | I23: =IF(G23=0,0,H23/G23) -> 0.46293706 | J23: =IF(G23=0,0,SUMPRODUCT((Data!$AZ$2:$AZ$2393=1)*(Data!$AX$2:$AX$2393=F23)*(Data!$AW$2:$AW$2393))/G23) -> 2.3398601
F24: 2 | G24: =SUMPRODUCT((Data!$AZ$2:$AZ$2393=1)*(Data!$AX$2:$AX$2393=F24)) -> 443 | H24: =SUMPRODUCT((Data!$AZ$2:$AZ$2393=1)*(Data!$AX$2:$AX$2393=F24)*(Data!$AB$2:$AB$2393=1)) -> 275 | I24: =IF(G24=0,0,H24/G24) -> 0.62076749 | J24: =IF(G24=0,0,SUMPRODUCT((Data!$AZ$2:$AZ$2393=1)*(Data!$AX$2:$AX$2393=F24)*(Data!$AW$2:$AW$2393))/G24) -> 2.8081264 | L24: Avg Symptom Count by Age Group
F25: 3 | G25: =SUMPRODUCT((Data!$AZ$2:$AZ$2393=1)*(Data!$AX$2:$AX$2393=F25)) -> 232 | H25: =SUMPRODUCT((Data!$AZ$2:$AZ$2393=1)*(Data!$AX$2:$AX$2393=F25)*(Data!$AB$2:$AB$2393=1)) -> 175 | I25: =IF(G25=0,0,H25/G25) -> 0.75431034 | J25: =IF(G25=0,0,SUMPRODUCT((Data!$AZ$2:$AZ$2393=1)*(Data!$AX$2:$AX$2393=F25)*(Data!$AW$2:$AW$2393))/G25) -> 3.5775862 | L25: Age Group | M25: Total (filtered) | N25: Sum Symptom Count | O25: Avg Symptom Count
F26: 4 | G26: =SUMPRODUCT((Data!$AZ$2:$AZ$2393=1)*(Data!$AX$2:$AX$2393=F26)) -> 65 | H26: =SUMPRODUCT((Data!$AZ$2:$AZ$2393=1)*(Data!$AX$2:$AX$2393=F26)*(Data!$AB$2:$AB$2393=1)) -> 48 | I26: =IF(G26=0,0,H26/G26) -> 0.73846154 | J26: =IF(G26=0,0,SUMPRODUCT((Data!$AZ$2:$AZ$2393=1)*(Data!$AX$2:$AX$2393=F26)*(Data!$AW$2:$AW$2393))/G26) -> 3.7538462 | L26: 0-17 (Child) | M26: =SUMPRODUCT((Data!$BA$2:$BA$2393=1)*(Data!$AT$2:$AT$2393=L26)) -> 426 | N26: =SUMPRODUCT((Data!$BA$2:$BA$2393=1)*(Data!$AT$2:$AT$2393=L26)*(Data!$AW$2:$AW$2393)) -> 1081 | O26: =IF(M26=0,0,N26/M26) -> 2.5375587
F27: 5 | G27: =SUMPRODUCT((Data!$AZ$2:$AZ$2393=1)*(Data!$AX$2:$AX$2393=F27)) -> 5 | H27: =SUMPRODUCT((Data!$AZ$2:$AZ$2393=1)*(Data!$AX$2:$AX$2393=F27)*(Data!$AB$2:$AB$2393=1)) -> 5 | I27: =IF(G27=0,0,H27/G27) -> 1 | J27: =IF(G27=0,0,SUMPRODUCT((Data!$AZ$2:$AZ$2393=1)*(Data!$AX$2:$AX$2393=F27)*(Data!$AW$2:$AW$2393))/G27) -> 4 | L27: 18-29 | M27: =SUMPRODUCT((Data!$BA$2:$BA$2393=1)*(Data!$AT$2:$AT$2393=L27)) -> 372 | N27: =SUMPRODUCT((Data!$BA$2:$BA$2393=1)*(Data!$AT$2:$AT$2393=L27)*(Data!$AW$2:$AW$2393)) -> 896 | O27: =IF(M27=0,0,N27/M27) -> 2.4086022
L28: 30-44 | M28: =SUMPRODUCT((Data!$BA$2:$BA$2393=1)*(Data!$AT$2:$AT$2393=L28)) -> 467 | N28: =SUMPRODUCT((Data!$BA$2:$BA$2393=1)*(Data!$AT$2:$AT$2393=L28)*(Data!$AW$2:$AW$2393)) -> 1028 | O28: =IF(M28=0,0,N28/M28) -> 2.2012848
L29: 45-59 | M29: =SUMPRODUCT((Data!$BA$2:$BA$2393=1)*(Data!$AT$2:$AT$2393=L29)) -> 451 | N29: =SUMPRODUCT((Data!$BA$2:$BA$2393=1)*(Data!$AT$2:$AT$2393=L29)*(Data!$AW$2:$AW$2393)) -> 959 | O29: =IF(M29=0,0,N29/M29) -> 2.1263858
L30: 60+ | M30: =SUMPRODUCT((Data!$BA$2:$BA$2393=1)*(Data!$AT$2:$AT$2393=L30)) -> 676 | N30: =SUMPRODUCT((Data!$BA$2:$BA$2393=1)*(Data!$AT$2:$AT$2393=L30)*(Data!$AW$2:$AW$2393)) -> 1743 | O30: =IF(M30=0,0,N30/M30) -> 2.5784024

Sheet Cleaning
A1: Data Cleaning Summary
A2: Source file: asthma_disease_data_realistic.csv (as provided; original local path: D:\DEPI\Final Project\Data\asthma_disease_data_realistic.csv)
A4: 1. Quality checks (all passed)
A5: - Missing values: none found across all 29 raw columns.
A6: - Duplicate rows / duplicate PatientIDs: none found.
A7: - Range checks: Age, BMI, activity/quality scores, exposure scores, and lung-function values all fell within documented ranges.
A8: - Binary/categorical codes: Gender, Ethnicity, EducationLevel, and all Yes/No fields contained only expected coded values.
A9: - Diagnosis balance: 48.95% positive (1,171 of 2,392) — a near-balanced target, unlike an earlier version of this dataset which was ~5% positive.
A11: 2. Cleaning steps applied
A12: - Dropped DoctorInCharge — constant value ("Dr_Confid") for every patient, confidential and non-informative.
A13: - Added human-readable *_Label columns for every coded field (Gender_Label, Ethnicity_Label, EducationLevel_Label, and a Yes/No label for every binary field) — used throughout this dashboard's filters and charts.
A14: - Rounded all float columns to 2 decimal places for readability.
... A28: Changing a dropdown updates a hidden MatchFilter column in the Data sheet for that page only, which flows into the Calc sheet's SUMPRODUCT formulas, which drive every KPI and chart on that page — live, no macros required.
